Workbook
Name _Hlk206094987: '5.10'!$A$27
Name _Hlk210243911: '5.11'!#REF!

Sheet Cuprins
B2: Recensământul Populației și Locuințelor 2024: CARACTERISTICI ETNO-CULTURALE
B4: 5.1 Populația după etnie, pe medii de reședință, la recensămintele din 2024 și 2014
B5: 5.2 Populația după etnie, pe grupe de vârstă, la recensământul din 2024
B6: 5.3 Populația după etnie, pe sexe și medii de reședință, la recensământul din 2024
B7: 5.4 Populația după etnie, pe regiuni de dezvoltare și raioane/municipii, la recensământul din 2024
B8: 5.5 Populația după etnie, pe regiuni de dezvoltare și raioane, la recensământul din 2024
B9: 5.6 Populația după etnie, pe orașe (municipii) și sate (comune), la recensământul din 2024
B10: 5.7 Populația după etnie pe orașe (municipii) și sate (comune), la recensământul din 2024
B11: 5.8 Populația după prima și a doua etnie declarată la recensământul din 2024
B12: 5.9 Populația după prima și a doua etnie declarată pe regiuni de dezvoltare, la recensământul din 2024
B13: 5.10 Populația după limba maternă, pe medii de reședință, la recensămintele din 2024 și 2014
B14: 5.11 Populația după limba maternă, pe grupe de vârstă, la recensământul din 2024
... B44: 5.41 Populația de 3 ani și peste după etnie și cunoașterea limbilor (competențe lingvistice)

Sheet 5.1
B1: Cuprins
B3: =Cuprins!B2 -> Recensământul Populației și Locuințelor 2024: CARACTERISTICI ETNO-CULTURALE
B5: 5.1 Populația după etnie, pe medii de reședință, la recensămintele din 2024 și 20141,2
H7: persoane, %
B8: Etnia declarată | C8: 2024 | F8: 2014
C9: persoane | D9: în % față de total populație | E9: în % față de cei care au declarat limba maternă | F9: persoane | G9: în % față de total populație | H9: în % față de cei care au declarat limba maternă
B10: A | C10: 1 | D10: 2 | E10: 3 | F10: 4 | G10: 5 | H10: 6
B11: Total
B12: Total | C12: 2409207 | D12: =C12/C$12 * 100 -> 100 | E12: x | F12: 2595771 | G12: 100 | H12: x
B13: Moldoveni | C13: 1848670 | D13: =C13/C$12 * 100 -> 76.733548 | E13: =C13/SUM(C13:C20) * 100 -> 76.843524 | F13: 1921527 | G13: =F13/F$12 * 100 -> 74.02529 | H13: =F13/SUM(F13:F20) * 100 -> 75.308903
B14: Români | C14: 193197 | D14: =C14/C$12 * 100 -> 8.0191117 | E14: =C14/SUM(C13:C20) * 100 -> 8.0306049 | F14: 170881 | G14: =F14/F$12 * 100 -> 6.5830537 | H14: =F14/SUM(F13:F20) * 100 -> 6.6972052
B15: Ucraineni | C15: 123586 | D15: =C15/C$12 * 100 -> 5.1297377 | E15: =C15/SUM(C13:C20) * 100 -> 5.1370898 | F15: 172342 | G15: =F15/F$12 * 100 -> 6.6393376 | H15: =F15/SUM(F13:F20) * 100 -> 6.7544651
B16: Ruși | C16: 81630 | D16: =C16/C$12 * 100 -> 3.3882518 | E16: =C16/SUM(C13:C20) * 100 -> 3.393108 | F16: 105656 | G16: =F16/F$12 * 100 -> 4.0703128 | H16: =F16/SUM(F13:F20) * 100 -> 4.1408929
B17: Găgăuzi | C17: 97205 | D17: =C17/C$12 * 100 -> 4.0347301 | E17: =C17/SUM(C13:C20) * 100 -> 4.0405128 | F17: 112289 | G17: =F17/F$12 * 100 -> 4.3258438 | H17: =F17/SUM(F13:F20) * 100 -> 4.4008549
B18: Bulgari | C18: 38236 | D18: =C18/C$12 * 100 -> 1.5870782 | E18: =C18/SUM(C13:C20) * 100 -> 1.5893529 | F18: 47414 | G18: =F18/F$12 * 100 -> 1.8265864 | H18: =F18/SUM(F13:F20) * 100 -> 1.8582598
B19: Romi/Țigani | C19: 9356 | D19: =C19/C$12 * 100 -> 0.38834355 | E19: =C19/SUM(C13:C20) * 100 -> 0.38890014 | F19: 8525 | G19: =F19/F$12 * 100 -> 0.3284188 | H19: =F19/SUM(F13:F20) * 100 -> 0.33411365
B20: Alte etnii | C20: 13879 | D20: =C20/C$12 * 100 -> 0.57608167 | E20: =C20/SUM(C13:C20) * 100 -> 0.57690733 | F20: 12893 | G20: =F20/F$12 * 100 -> 0.4966925 | H20: =F20/SUM(F13:F20) * 100 -> 0.50530525
B21: Nu au declarat etnia | C21: 3448 | D21: =C21/C$12 * 100 -> 0.14311763 | E21: x | F21: 44244 | G21: =F21/F$12 * 100 -> 1.7044647 | H21: x
B22: din total, pe medii de reședință
B23: Urban
B24: Total | C24: 1118967 | D24: =C24/C$24 * 100 -> 100 | E24: x | F24: 901694 | G24: 100 | H24: x
B25: Moldoveni | C25: 788272 | D25: =C25/C$24 * 100 -> 70.446403 | E25: =C25/SUM(C25:C32) * 100 -> 70.613001 | F25: 550887 | G25: =F25/F$24*100 -> 61.094673 | H25: =F25/SUM(F25:F32) * 100 -> 63.422477
B26: Români | C26: 109809 | D26: =C26/C$24 * 100 -> 9.8134261 | E26: =C26/SUM(C25:C32) * 100 -> 9.8366339 | F26: 80277 | G26: =F26/F$24*100 -> 8.9029094 | H26: =F26/SUM(F25:F32) * 100 -> 9.2421244
B27: Ucraineni | C27: 70207 | D27: =C27/C$24 * 100 -> 6.274269 | E27: =C27/SUM(C25:C32) * 100 -> 6.289107 | F27: 75981 | G27: =F27/F$24*100 -> 8.4264728 | H27: =F27/SUM(F25:F32) * 100 -> 8.7475348
B28: Ruși | C28: 66054 | D28: =C28/C$24 * 100 -> 5.9031231 | E28: =C28/SUM(C25:C32) * 100 -> 5.9170834 | F28: 79688 | G28: =F28/F$24*100 -> 8.8375879 | H28: =F28/SUM(F25:F32) * 100 -> 9.174314
B29: Găgăuzi | C29: 41360 | D29: =C29/C$24 * 100 -> 3.6962663 | E29: =C29/SUM(C25:C32) * 100 -> 3.7050076 | F29: 41447 | G29: =F29/F$24*100 -> 4.5965705 | H29: =F29/SUM(F25:F32) * 100 -> 4.7717071
B30: Bulgari | C30: 22763 | D30: =C30/C$24 * 100 -> 2.034287 | E30: =C30/SUM(C25:C32) * 100 -> 2.0390979 | F30: 24914 | G30: =F30/F$24*100 -> 2.7630216 | H30: =F30/SUM(F25:F32) * 100 -> 2.8682971
B31: Romi/Țigani | C31: 6173 | D31: =C31/C$24 * 100 -> 0.55166953 | E31: =C31/SUM(C25:C32) * 100 -> 0.55297417 | F31: 5831 | G31: =F31/F$24*100 -> 0.64667171 | H31: =F31/SUM(F25:F32) * 100 -> 0.67131093
B32: Alte etnii | C32: 11689 | D32: =C32/C$24 * 100 -> 1.0446242 | E32: =C32/SUM(C25:C32) * 100 -> 1.0470946 | F32: 9574 | G32: =F32/F$24*100 -> 1.0617793 | H32: =F32/SUM(F25:F32) * 100 -> 1.1022347
B33: Nu au declarat etnia | C33: 2640 | D33: =C33/C$24 * 100 -> 0.23593189 | E33: x | F33: 33095 | G33: =F33/F$24*100 -> 3.6703139 | H33: x
B34: Rural
B35: Total | C35: 1290240 | D35: =C35/C$35 * 100 -> 100 | E35: x | F35: 1694077 | G35: 100 | H35: x
B36: Moldoveni | C36: 1060398 | D36: =C36/C$35 * 100 -> 82.186105 | E36: =C36/SUM(C36:C43) * 100 -> 82.237605 | F36: 1370640 | G36: =F36/F$35*100 -> 80.907775 | H36: =F36/SUM(F36:F43) * 100 -> 81.443769
B37: Români | C37: 83388 | D37: =C37/C$35 * 100 -> 6.4629836 | E37: =C37/SUM(C36:C43) * 100 -> 6.4670335 | F37: 90604 | G37: =F37/F$35*100 -> 5.3482811 | H37: =F37/SUM(F36:F43) * 100 -> 5.3837122
B38: Ucraineni | C38: 53379 | D38: =C38/C$35 * 100 -> 4.1371373 | E38: =C38/SUM(C36:C43) * 100 -> 4.1397297 | F38: 96361 | G38: =F38/F$35*100 -> 5.6881122 | H38: =F38/SUM(F36:F43) * 100 -> 5.7257946
B39: Ruși | C39: 15576 | D39: =C39/C$35 * 100 -> 1.2072173 | E39: =C39/SUM(C36:C43) * 100 -> 1.2079737 | F39: 25968 | G39: =F39/F$35*100 -> 1.5328701 | H39: =F39/SUM(F36:F43) * 100 -> 1.543025
B40: Găgăuzi | C40: 55845 | D40: =C40/C$35 * 100 -> 4.3282645 | E40: =C40/SUM(C36:C43) * 100 -> 4.3309767 | F40: 70842 | G40: =F40/F$35*100 -> 4.1817462 | H40: =F40/SUM(F36:F43) * 100 -> 4.2094492
B41: Bulgari | C41: 15473 | D41: =C41/C$35 * 100 -> 1.1992343 | E41: =C41/SUM(C36:C43) * 100 -> 1.1999857 | F41: 22500 | G41: =F41/F$35*100 -> 1.3281569 | H41: =F41/SUM(F36:F43) * 100 -> 1.3369556
B42: Romi/Țigani | C42: 3183 | D42: =C42/C$35 * 100 -> 0.24669829 | E42: =C42/SUM(C36:C43) * 100 -> 0.24685288 | F42: 2694 | G42: =F42/F$35*100 -> 0.15902465 | H42: =F42/SUM(F36:F43) * 100 -> 0.16007815
B43: Alte etnii | C43: 2190 | D43: =C43/C$35 * 100 -> 0.16973586 | E43: =C43/SUM(C36:C43) * 100 -> 0.16984223 | F43: 3319 | G43: =F43/F$35*100 -> 0.1959179 | H43: =F43/SUM(F36:F43) * 100 -> 0.1972158
B44: Nu au declarat etnia | C44: 808 | D44: =C44/C$35 * 100 -> 0.062624008 | E44: x | F44: 11149 | G44: =F44/F$35*100 -> 0.65811648 | H44: x
B46: 1Datele se referă doar la UAT efectiv recenzate și nu includ unitățile administrativ-teritoriale din stânga Nistrului, municipiului Bender (inclusiv satul Proteagailovca), comuna Chițcani (inclusiv satele Merenești și Zahorna), satele Cremenciug și Gîsca din raionul Căușeni, comuna Corjova (inclusiv satul Mahala) din raionul Dubăsari, precum și satul Roghi din cadrul comunei Molovata Nouă, raionul Dubăsari.
B47: ² Datele pentru "Populație" sunt prezentate pentru populația cu reședință obișnuită.
B48: ”x” = nu se aplică

Sheet 5.2
B1: Cuprins
B3: =Cuprins!B2 -> Recensământul Populației și Locuințelor 2024: CARACTERISTICI ETNO-CULTURALE
B5: 5.2 Populația după etnie, pe grupe de vârstă, la recensământul din 20241,2
C6: persoane
B7: Etnia declarată | C7: Total | D7: Grupe de vârstă, ani
D8: 0-9 | E8: 10-19 | F8: 20-29 | G8: 30-39 | H8: 40-49 | I8: 50-59 | J8: 60-69 | K8: 70-79 | L8: 80 și mai mult
B9: A | C9: 1 | D9: 2 | E9: 3 | F9: 4 | G9: 5 | H9: 6 | I9: 7 | J9: 8 | K9: 9 | L9: 10
B10: Total | C10: 2409207 | D10: 301844 | E10: 305993 | F10: 219015 | G10: 335638 | H10: 324962 | I10: 302081 | J10: 358444 | K10: 198811 | L10: 62419
B11: Moldoveni | C11: 1848670 | D11: 245773 | E11: 244703 | F11: 175170 | G11: 267078 | H11: 249875 | I11: 227300 | J11: 259528 | K11: 137185 | L11: 42058
B12: Români | C12: 193197 | D12: 24631 | E12: 24479 | F12: 15894 | G12: 25137 | H12: 25971 | I12: 24349 | J12: 31191 | K12: 17688 | L12: 3857
B13: Ucraineni | C13: 123586 | D13: 7647 | E13: 9864 | F13: 8258 | G13: 13588 | H13: 16171 | I13: 18746 | J13: 24842 | K13: 16971 | L13: 7499
B14: Ruși | C14: 81630 | D14: 5331 | E14: 7224 | F14: 4718 | G14: 8540 | H14: 11217 | I14: 11977 | J14: 15609 | K14: 12266 | L14: 4748
B15: Găgăuzi | C15: 97205 | D15: 11923 | E15: 12096 | F15: 8421 | G15: 13276 | H15: 12431 | I15: 11568 | J15: 17057 | K15: 8262 | L15: 2171
B16: Bulgari | C16: 38236 | D16: 3215 | E16: 4001 | F16: 2823 | G16: 4761 | H16: 5729 | I16: 5076 | J16: 6791 | K16: 4465 | L16: 1375
B17: Romi/Țigani | C17: 9356 | D17: 1700 | E17: 1676 | F17: 1237 | G17: 1243 | H17: 1227 | I17: 947 | J17: 903 | K17: 355 | L17: 68
B18: Alte etnii | C18: 13879 | D18: 879 | E18: 1432 | F18: 2200 | G18: 1578 | H18: 1824 | I18: 1739 | J18: 2175 | K18: 1454 | L18: 598
B19: Nu au declarat etnia | C19: 3448 | D19: 745 | E19: 518 | F19: 294 | G19: 437 | H19: 517 | I19: 379 | J19: 348 | K19: 165 | L19: 45
B20: în % față de total
B21: Total | C21: 100 | D21: =D10/$C$10*100 -> 12.52877 | E21: =E10/$C$10*100 -> 12.700984 | F21: =F10/$C$10*100 -> 9.0907506 | G21: =G10/$C$10*100 -> 13.931472 | H21: =H10/$C$10*100 -> 13.488339 | I21: =I10/$C$10*100 -> 12.538607 | J21: =J10/$C$10*100 -> 14.878091 | K21: =K10/$C$10*100 -> 8.2521344 | L21: =L10/$C$10*100 -> 2.5908525
B22: Moldoveni | C22: 100 | D22: =D11/$C$11*100 -> 13.294585 | E22: =E11/$C$11*100 -> 13.236705 | F22: =F11/$C$11*100 -> 9.4754607 | G22: =G11/$C$11*100 -> 14.447035 | H22: =H11/$C$11*100 -> 13.516474 | I22: =I11/$C$11*100 -> 12.295326 | J22: =J11/$C$11*100 -> 14.038633 | K22: =K11/$C$11*100 -> 7.4207403 | L22: =L11/$C$11*100 -> 2.275041
B23: Români | C23: 100 | D23: =D12/$C$12*100 -> 12.749163 | E23: =E12/$C$12*100 -> 12.670487 | F23: =F12/$C$12*100 -> 8.2268358 | G23: =G12/$C$12*100 -> 13.011072 | H23: =H12/$C$12*100 -> 13.442755 | I23: =I12/$C$12*100 -> 12.603198 | J23: =J12/$C$12*100 -> 16.144661 | K23: =K12/$C$12*100 -> 9.1554217 | L23: =L12/$C$12*100 -> 1.9964078
B24: Ucraineni | C24: 100 | D24: =D13/$C$13*100 -> 6.1875941 | E24: =E13/$C$13*100 -> 7.9814866 | F24: =F13/$C$13*100 -> 6.6819866 | G24: =G13/$C$13*100 -> 10.994773 | H24: =H13/$C$13*100 -> 13.084815 | I24: =I13/$C$13*100 -> 15.168385 | J24: =J13/$C$13*100 -> 20.100982 | K24: =K13/$C$13*100 -> 13.732138 | L24: =L13/$C$13*100 -> 6.0678394
B25: Ruși | C25: 100 | D25: =D14/$C$14*100 -> 6.5306872 | E25: =E14/$C$14*100 -> 8.8496876 | F25: =F14/$C$14*100 -> 5.7797378 | G25: =G14/$C$14*100 -> 10.46184 | H25: =H14/$C$14*100 -> 13.741272 | I25: =I14/$C$14*100 -> 14.672302 | J25: =J14/$C$14*100 -> 19.121646 | K25: =K14/$C$14*100 -> 15.026338 | L25: =L14/$C$14*100 -> 5.816489
B26: Găgăuzi | C26: 100 | D26: =D15/$C$15*100 -> 12.26583 | E26: =E15/$C$15*100 -> 12.443804 | F26: =F15/$C$15*100 -> 8.6631346 | G26: =G15/$C$15*100 -> 13.657734 | H26: =H15/$C$15*100 -> 12.788437 | I26: =I15/$C$15*100 -> 11.900622 | J26: =J15/$C$15*100 -> 17.547451 | K26: =K15/$C$15*100 -> 8.4995628 | L26: =L15/$C$15*100 -> 2.2334242
B27: Bulgari | C27: 100 | D27: =D16/$C$16*100 -> 8.4083063 | E27: =E16/$C$16*100 -> 10.463961 | F27: =F16/$C$16*100 -> 7.3830945 | G27: =G16/$C$16*100 -> 12.451616 | H27: =H16/$C$16*100 -> 14.983262 | I27: =I16/$C$16*100 -> 13.275447 | J27: =J16/$C$16*100 -> 17.760749 | K27: =K16/$C$16*100 -> 11.677477 | L27: =L16/$C$16*100 -> 3.5960875
B28: Romi/Țigani | C28: 100 | D28: =D17/$C$17*100 -> 18.170158 | E28: =E17/$C$17*100 -> 17.913638 | F28: =F17/$C$17*100 -> 13.221462 | G28: =G17/$C$17*100 -> 13.285592 | H28: =H17/$C$17*100 -> 13.114579 | I28: =I17/$C$17*100 -> 10.121847 | J28: =J17/$C$17*100 -> 9.6515605 | K28: =K17/$C$17*100 -> 3.7943566 | L28: =L17/$C$17*100 -> 0.72680633
B29: Alte etnii | C29: 100 | D29: =D18/$C$18*100 -> 6.3333093 | E29: =E18/$C$18*100 -> 10.317746 | F29: =F18/$C$18*100 -> 15.851286 | G29: =G18/$C$18*100 -> 11.369695 | H29: =H18/$C$18*100 -> 13.142157 | I29: =I18/$C$18*100 -> 12.529721 | J29: =J18/$C$18*100 -> 15.671158 | K29: =K18/$C$18*100 -> 10.476259 | L29: =L18/$C$18*100 -> 4.3086678
B30: Nu au declarat etnia | C30: 100 | D30: =D19/$C$19*100 -> 21.606729 | E30: =E19/$C$19*100 -> 15.023202 | F30: =F19/$C$19*100 -> 8.5266821 | G30: =G19/$C$19*100 -> 12.674014 | H30: =H19/$C$19*100 -> 14.9942 | I30: =I19/$C$19*100 -> 10.991879 | J30: =J19/$C$19*100 -> 10.092807 | K30: =K19/$C$19*100 -> 4.7853828 | L30: =L19/$C$19*100 -> 1.3051044
B32: 1Datele se referă doar la UAT efectiv recenzate și nu includ unitățile administrativ-teritoriale din stânga Nistrului, municipiului Bender (inclusiv satul Proteagailovca), comuna Chițcani (inclusiv satele Merenești și Zahorna), satele Cremenciug și Gîsca din raionul Căușeni, comuna Corjova (inclusiv satul Mahala) din raionul Dubăsari, precum și satul Roghi din cadrul comunei Molovata Nouă, raionul Dubăsari.
B33: ² Datele pentru "Populație" sunt prezentate pentru populația cu reședință obișnuită.

Sheet 5.3
B1: Cuprins
B3: =Cuprins!B2 -> Recensământul Populației și Locuințelor 2024: CARACTERISTICI ETNO-CULTURALE
B5: 5.3 Populația după etnie, pe sexe și medii de reședință, la recensământul din 20241,2
G7: persoane
B8: Etnia declarată | C8: Total | D8: Sexe | F8: Medii de reședință
D9: Masculin | E9: Feminin | F9: Urban | G9: Rural
B10: A | C10: 1 | D10: 2 | E10: 3 | F10: 4 | G10: 5
B11: Total | C11: 2409207 | D11: 1137343 | E11: 1271864 | F11: 1118967 | G11: 1290240
B12: Moldoveni | C12: 1848670 | D12: 879929 | E12: 968741 | F12: 788272 | G12: 1060398
B13: Români | C13: 193197 | D13: 93142 | E13: 100055 | F13: 109809 | G13: 83388
B14: Ucraineni | C14: 123586 | D14: 52839 | E14: 70747 | F14: 70207 | G14: 53379
B15: Ruși | C15: 81630 | D15: 34139 | E15: 47491 | F15: 66054 | G15: 15576
B16: Găgăuzi | C16: 97205 | D16: 46317 | E16: 50888 | F16: 41360 | G16: 55845
B17: Bulgari | C17: 38236 | D17: 17678 | E17: 20558 | F17: 22763 | G17: 15473
B18: Romi/Țigani | C18: 9356 | D18: 4402 | E18: 4954 | F18: 6173 | G18: 3183
B19: Alte etnii | C19: 13879 | D19: 7217 | E19: 6662 | F19: 11689 | G19: 2190
B20: Nu au declarat etnia | C20: 3448 | D20: 1680 | E20: 1768 | F20: 2640 | G20: 808
B21: în % față de total
B22: Total | C22: 100 | D22: =D11/C11*100 -> 47.208189 | E22: =E11/C11*100 -> 52.791811 | F22: =F11/C11*100 -> 46.445449 | G22: =G11/C11*100 -> 53.554551
B23: Moldoveni | C23: 100 | D23: =D12/C12*100 -> 47.597949 | E23: =E12/C12*100 -> 52.402051 | F23: =F12/C12*100 -> 42.639952 | G23: =G12/C12*100 -> 57.360048
B24: Români | C24: 100 | D24: =D13/C13*100 -> 48.210894 | E24: =E13/C13*100 -> 51.789106 | F24: =F13/C13*100 -> 56.837839 | G24: =G13/C13*100 -> 43.162161
B25: Ucraineni | C25: 100 | D25: =D14/C14*100 -> 42.754843 | E25: =E14/C14*100 -> 57.245157 | F25: =F14/C14*100 -> 56.808215 | G25: =G14/C14*100 -> 43.191785
B26: Ruși | C26: 100 | D26: =D15/C15*100 -> 41.821634 | E26: =E15/C15*100 -> 58.178366 | F26: =F15/C15*100 -> 80.91878 | G26: =G15/C15*100 -> 19.08122
B27: Găgăuzi | C27: 100 | D27: =D16/C16*100 -> 47.648783 | E27: =E16/C16*100 -> 52.351217 | F27: =F16/C16*100 -> 42.549252 | G27: =G16/C16*100 -> 57.450748
B28: Bulgari | C28: 100 | D28: =D17/C17*100 -> 46.233916 | E28: =E17/C17*100 -> 53.766084 | F28: =F17/C17*100 -> 59.532901 | G28: =G17/C17*100 -> 40.467099
B29: Romi/Țigani | C29: 100 | D29: =D18/C18*100 -> 47.050021 | E29: =E18/C18*100 -> 52.949979 | F29: =F18/C18*100 -> 65.979051 | G29: =G18/C18*100 -> 34.020949
B30: Alte etnii | C30: 100 | D30: =D19/C19*100 -> 51.999424 | E30: =E19/C19*100 -> 48.000576 | F30: =F19/C19*100 -> 84.220765 | G30: =G19/C19*100 -> 15.779235
B31: Nu au declarat etnia | C31: 100 | D31: =D20/C20*100 -> 48.723898 | E31: =E20/C20*100 -> 51.276102 | F31: =F20/C20*100 -> 76.566125 | G31: =G20/C20*100 -> 23.433875
B33: 1Datele se referă doar la UAT efectiv recenzate și nu includ unitățile administrativ-teritoriale din stânga Nistrului, municipiului Bender (inclusiv satul Proteagailovca), comuna Chițcani (inclusiv satele Merenești și Zahorna), satele Cremenciug și Gîsca din raionul Căușeni, comuna Corjova (inclusiv satul Mahala) din raionul Dubăsari, precum și satul Roghi din cadrul comunei Molovata Nouă, raionul Dubăsari.
B34: ² Datele pentru "Populație" sunt prezentate pentru populația cu reședință obișnuită.

Sheet 5.4
B1: Cuprins
B3: =Cuprins!B2 -> Recensământul Populației și Locuințelor 2024: CARACTERISTICI ETNO-CULTURALE
B5: 5.4 Populația după etnie pe regiuni de dezvoltare și raioane/municipii, la recensământul din 20241,2
M6: persoane
B7: Cod statistic CUATM | C7: Regiuni de dezvoltare și raioane/municipii | D7: Total | E7: Etnia declarată | M7: Nu au declarat etnia
E8: Moldoveni | F8: Români | G8: Ucraineni | H8: Ruși | I8: Găgăuzi | J8: Bulgari | K8: Romi/Țigani | L8: Alte etnii
B9: A | C9: B | D9: 1 | E9: 2 | F9: 3 | G9: 4 | H9: 5 | I9: 6 | J9: 7 | K9: 8 | L9: 9 | M9: 10
C10: Total | D10: 2409207 | E10: 1848670 | F10: 193197 | G10: 123586 | H10: 81630 | I10: 97205 | J10: 38236 | K10: 9356 | L10: 13879 | M10: 3448
B11: 100000 | C11: Mun. Chişinău | D11: 720128 | E11: 521837 | F11: 92988 | G11: 38701 | H11: 42796 | I11: 5590 | J11: 6505 | K11: 789 | L11: 8933 | M11: 1989
C12: Nord | D12: 608651 | E12: 495145 | F12: 23224 | G12: 59118 | H12: 22096 | I12: 471 | J12: 451 | K12: 5426 | L12: 2114 | M12: 606
B13: 0300000 | C13: Mun. Bălţi | D13: 94546 | E13: 67259 | F13: 3521 | G13: 12445 | H13: 9537 | I13: 115 | J13: 136 | K13: 144 | L13: 1085 | M13: 304
B14: 1400000 | C14: Briceni | D14: 46894 | E14: 36157 | F14: 1369 | G14: 8161 | H14: 823 | I14: 32 | J14: 26 | K14: 210 | L14: 98 | M14: 18
B15: 3400000 | C15: Donduşeni | D15: 28108 | E15: 22800 | F15: 1313 | G15: 2322 | H15: 1452 | I15: 16 | J15: 23 | K15: 124 | L15: 46 | M15: 12
B16: 3600000 | C16: Drochia | D16: 53738 | E16: 47748 | F16: 1776 | G16: 3114 | H16: 629 | I16: 34 | J16: 29 | K16: 317 | L16: 85 | M16: 6
B17: 4100000 | C17: Edineţ | D17: 50429 | E17: 39051 | F17: 1680 | G17: 6704 | H17: 2073 | I17: 73 | J17: 54 | K17: 638 | L17: 136 | M17: 20
B18: 4300000 | C18: Făleşti | D18: 56039 | E18: 48445 | F18: 2497 | G18: 3726 | H18: 1129 | I18: 28 | J18: 30 | K18: 60 | L18: 94 | M18: 30
B19: 4500000 | C19: Floreşti | D19: 53264 | E19: 47150 | F19: 2118 | G19: 2081 | H19: 1649 | I19: 21 | J19: 25 | K19: 56 | L19: 77 | M19: 87
B20: 4800000 | C20: Glodeni | D20: 35829 | E20: 28591 | F20: 1757 | G20: 4214 | H20: 702 | I20: 16 | J20: 22 | K20: 370 | L20: 141 | M20: 16
B21: 6200000 | C21: Ocniţa | D21: 31610 | E21: 21946 | F21: 543 | G21: 5919 | H21: 1224 | I21: 30 | J21: 41 | K21: 1819 | L21: 59 | M21: 29
B22: 7100000 | C22: Rîşcani | D22: 43652 | E22: 33894 | F22: 1449 | G22: 6452 | H22: 921 | I22: 48 | J22: 31 | K22: 740 | L22: 98 | M22: 19
B23: 7400000 | C23: Sîngerei | D23: 55933 | E23: 49282 | F23: 2329 | G23: 2753 | H23: 1310 | I23: 37 | J23: 18 | K23: 71 | L23: 93 | M23: 40
B24: 7800000 | C24: Soroca | D24: 58609 | E24: 52822 | F24: 2872 | G24: 1227 | H24: 647 | I24: 21 | J24: 16 | K24: 877 | L24: 102 | M24: 25
C25: Centru | D25: 670088 | E25: 587027 | F25: 58061 | G25: 14281 | H25: 5490 | I25: 483 | J25: 1104 | K25: 1944 | L25: 1280 | M25: 418
B26: 1000000 | C26: Anenii Noi | D26: 57687 | E26: 48827 | F26: 3773 | G26: 2434 | H26: 1695 | I26: 147 | J26: 290 | K26: 152 | L26: 304 | M26: 65
B27: 2500000 | C27: Călăraşi | D27: 43864 | E27: 37599 | F27: 4371 | G27: 1202 | H27: 219 | I27: 19 | J27: 18 | K27: 375 | L27: 48 | M27: 13
B28: 3100000 | C28: Criuleni | D28: 52926 | E28: 45192 | F28: 5733 | G28: 1352 | H28: 415 | I28: 48 | J28: 40 | K28: 24 | L28: 99 | M28: 23
B29: 3800000 | C29: Dubăsari | D29: 21781 | E29: 20997 | F29: 540 | G29: 104 | H29: 97 | I29: 17 | J29: 4 | K29: 4 | L29: 18 | M29: -
B30: 5300000 | C30: Hînceşti | D30: 69462 | E30: 60838 | F30: 5168 | G30: 2367 | H30: 447 | I30: 52 | J30: 81 | K30: 342 | L30: 147 | M30: 20
B31: 5500000 | C31: Ialoveni | D31: 74458 | E31: 60068 | F31: 11627 | G31: 1360 | H31: 350 | I31: 43 | J31: 494 | K31: 318 | L31: 155 | M31: 43
B32: 6000000 | C32: Nisporeni | D32: 36413 | E32: 32552 | F32: 3131 | G32: 107 | H32: 73 | I32: 9 | J32: 16 | K32: 474 | L32: 27 | M32: 24
B33: 6400000 | C33: Orhei | D33: 79242 | E33: 69714 | F33: 6667 | G33: 1748 | H33: 678 | I33: 43 | J33: 45 | K33: 117 | L33: 172 | M33: 58
B34: 6700000 | C34: Rezina | D34: 30243 | E34: 27485 | F34: 1745 | G34: 564 | H34: 300 | I34: 25 | J34: 22 | K34: 22 | L34: 51 | M34: 29
B35: 8000000 | C35: Străşeni | D35: 61362 | E35: 53346 | F35: 6942 | G35: 412 | H35: 392 | I35: 37 | J35: 42 | K35: 29 | L35: 87 | M35: 75
B36: 8300000 | C36: Şoldăneşti | D36: 25394 | E36: 23770 | F36: 1170 | G36: 279 | H36: 90 | I36: 5 | J36: 7 | K36: 43 | L36: 24 | M36: 6
B37: 8900000 | C37: Teleneşti | D37: 41452 | E37: 37626 | F37: 3408 | G37: 269 | H37: 96 | I37: 5 | J37: 8 | K37: - | L37: 31 | M37: 9
B38: 9200000 | C38: Ungheni | D38: 75804 | E38: 69013 | F38: 3786 | G38: 2083 | H38: 638 | I38: 33 | J38: 37 | K38: 44 | L38: 117 | M38: 53
C39: Sud | D39: 306672 | E39: 238160 | F39: 18860 | G39: 8777 | H39: 7959 | I39: 6463 | J39: 24464 | K39: 857 | L39: 916 | M39: 216
B40: 1200000 | C40: Basarabeasca | D40: 14914 | E40: 9754 | F40: 883 | G40: 871 | H40: 1119 | I40: 1222 | J40: 777 | K40: 168 | L40: 111 | M40: 9
B41: 1700000 | C41: Cahul | D41: 72775 | E41: 58623 | F41: 3908 | G41: 2838 | H41: 2467 | I41: 1714 | J41: 2694 | K41: 79 | L41: 387 | M41: 65
B42: 2100000 | C42: Cantemir | D42: 33181 | E42: 28484 | F42: 2400 | G42: 350 | H42: 219 | I42: 191 | J42: 1460 | K42: 48 | L42: 27 | M42: 2
B43: 2700000 | C43: Căuşeni | D43: 57261 | E43: 49157 | F43: 4787 | G43: 973 | H43: 1308 | I43: 320 | J43: 521 | K43: 53 | L43: 102 | M43: 40
B44: 2900000 | C44: Cimişlia | D44: 30986 | E44: 26826 | F44: 1591 | G44: 1072 | H44: 819 | I44: 107 | J44: 481 | K44: 34 | L44: 49 | M44: 7
B45: 5700000 | C45: Leova | D45: 28835 | E45: 24742 | F45: 1662 | G45: 355 | H45: 299 | I45: 139 | J45: 1501 | K45: 97 | L45: 33 | M45: 7
B46: 8500000 | C46: Ştefan Vodă | D46: 42285 | E46: 36673 | F46: 3558 | G46: 1013 | H46: 636 | I46: 40 | J46: 46 | K46: 226 | L46: 67 | M46: 26
B47: 8700000 | C47: Taraclia | D47: 26435 | E47: 3901 | F47: 71 | G47: 1305 | H47: 1092 | I47: 2730 | J47: 16984 | K47: 152 | L47: 140 | M47: 60
B48: 9600000 | C48: UTA Găgăuzia | D48: 103668 | E48: 6501 | F48: 64 | G48: 2709 | H48: 3289 | I48: 84198 | J48: 5712 | K48: 340 | L48: 636 | M48: 219
B50: 1Datele se referă doar la UAT efectiv recenzate și nu includ unitățile administrativ-teritoriale din stânga Nistrului, municipiului Bender (inclusiv satul Proteagailovca), comuna Chițcani (inclusiv satele Merenești și Zahorna), satele Cremenciug și Gîsca din raionul Căușeni, comuna Corjova (inclusiv satul Mahala) din raionul Dubăsari, precum și satul Roghi din cadrul comunei Molovata Nouă, raionul Dubăsari.
B51: ² Datele pentru "Populație" sunt prezentate pentru populația cu reședință obișnuită.
B52: ”-” = magnitudine zero

Sheet 5.5 
B1: Cuprins
B3: =Cuprins!B2 -> Recensământul Populației și Locuințelor 2024: CARACTERISTICI ETNO-CULTURALE
B5: 5.5 Populația după etnie pe regiuni de dezvoltare și raioane/municipii, la recensământul din 20241,2
M6: %
B7: Cod statistic CUATM | C7: Regiuni de dezvoltare și raioane/municipii | D7: Total | E7: Etnia declarată | M7: Nu au declarat etnia
E8: Moldoveni | F8: Români | G8: Ucraineni | H8: Ruși | I8: Găgăuzi | J8: Bulgari | K8: Romi/Țigani | L8: Alte etnii
B9: A | C9: B | D9: 1 | E9: 2 | F9: 3 | G9: 4 | H9: 5 | I9: 6 | J9: 7 | K9: 8 | L9: 9 | M9: 10
C10: Total | D10: 100 | E10: 76.733548 | F10: 8.0191117 | G10: 5.1297377 | H10: 3.3882518 | I10: 4.0347301 | J10: 1.5870782 | K10: 0.38834355 | L10: 0.57608167 | M10: 0.14311763
B11: 100000 | C11: Mun. Chişinău | D11: 100 | E11: 72.464479 | F11: 12.912704 | G11: 5.3741835 | H11: 5.9428324 | I11: 0.77625089 | J11: 0.90331163 | K11: 0.10956386 | L11: 1.2404739 | M11: 0.2762009
C12: Nord | D12: 100 | E12: 81.351218 | F12: 3.8156513 | G12: 9.7129554 | H12: 3.6303235 | I12: 0.077384248 | J12: 0.074098293 | K12: 0.89147968 | L12: 0.34732548 | M12: 0.099564447
B13: 0300000 | C13: Mun. Bălţi | D13: 100 | E13: 71.138917 | F13: 3.7241131 | G13: 13.162905 | H13: 10.087153 | I13: 0.12163391 | J13: 0.14384532 | K13: 0.15230681 | L13: 1.1475895 | M13: 0.32153661
B14: 1400000 | C14: Briceni | D14: 100 | E14: 77.103681 | F14: 2.91935 | G14: 17.403079 | H14: 1.755022 | I14: 0.068239007 | J14: 0.055444193 | K14: 0.44781848 | L14: 0.20898196 | M14: 0.038384442
B15: 3400000 | C15: Donduşeni | D15: 100 | E15: 81.115697 | F15: 4.671268 | G15: 8.2609933 | H15: 5.1657891 | I15: 0.056923296 | J15: 0.081827238 | K15: 0.44115554 | L15: 0.16365448 | M15: 0.042692472
B16: 3600000 | C16: Drochia | D16: 100 | E16: 88.853325 | F16: 3.3049239 | G16: 5.7947821 | H16: 1.1704939 | I16: 0.063269939 | J16: 0.053965536 | K16: 0.58989914 | L16: 0.15817485 | M16: 0.011165283
B17: 4100000 | C17: Edineţ | D17: 100 | E17: 77.437586 | F17: 3.3314164 | G17: 13.293938 | H17: 4.1107299 | I17: 0.14475798 | J17: 0.10708124 | K17: 1.2651451 | L17: 0.26968609 | M17: 0.03965972
B18: 4300000 | C18: Făleşti | D18: 100 | E18: 86.448723 | F18: 4.4558254 | G18: 6.6489409 | H18: 2.0146684 | I18: 0.049965203 | J18: 0.053534146 | K18: 0.10706829 | L18: 0.16774032 | M18: 0.053534146
B19: 4500000 | C19: Floreşti | D19: 100 | E19: 88.521328 | F19: 3.9764193 | G19: 3.906954 | H19: 3.0958997 | I19: 0.039426254 | J19: 0.046936017 | K19: 0.10513668 | L19: 0.14456293 | M19: 0.16333734
B20: 4800000 | C20: Glodeni | D20: 100 | E20: 79.798487 | F20: 4.9038488 | G20: 11.761422 | H20: 1.9593067 | I20: 0.044656563 | J20: 0.061402774 | K20: 1.032683 | L20: 0.39353596 | M20: 0.044656563
B21: 6200000 | C21: Ocniţa | D21: 100 | E21: 69.427396 | F21: 1.7178108 | G21: 18.725087 | H21: 3.8721923 | I21: 0.094906675 | J21: 0.12970579 | K21: 5.7545081 | L21: 0.18664979 | M21: 0.091743119
B22: 7100000 | C22: Rîşcani | D22: 100 | E22: 77.645927 | F22: 3.3194355 | G22: 14.780537 | H22: 2.109869 | I22: 0.1099606 | J22: 0.071016219 | K22: 1.6952259 | L22: 0.22450289 | M22: 0.04352607
B23: 7400000 | C23: Sîngerei | D23: 100 | E23: 88.108988 | F23: 4.1639104 | G23: 4.9219602 | H23: 2.3420879 | I23: 0.066150573 | J23: 0.03218136 | K23: 0.12693759 | L23: 0.16627036 | M23: 0.071514133
B24: 7800000 | C24: Soroca | D24: 100 | E24: 90.12609 | F24: 4.9002713 | G24: 2.0935351 | H24: 1.103926 | I24: 0.035830674 | J24: 0.027299562 | K24: 1.4963572 | L24: 0.1740347 | M24: 0.042655565
C25: Centru | D25: 100 | E25: 87.604464 | F25: 8.6646828 | G25: 2.1312126 | H25: 0.81929538 | I25: 0.072080085 | J25: 0.16475448 | K25: 0.29011115 | L25: 0.19101969 | M25: 0.062379867
B26: 1000000 | C26: Anenii Noi | D26: 100 | E26: 84.641254 | F26: 6.5404684 | G26: 4.2193215 | H26: 2.9382703 | I26: 0.25482344 | J26: 0.50271292 | K26: 0.26349091 | L26: 0.52698182 | M26: 0.11267703
B27: 2500000 | C27: Călăraşi | D27: 100 | E27: 85.717217 | F27: 9.9648915 | G27: 2.7402882 | H27: 0.49927047 | I27: 0.043315703 | J27: 0.041035929 | K27: 0.85491519 | L27: 0.10942914 | M27: 0.02963706
B28: 3100000 | C28: Criuleni | D28: 100 | E28: 85.387144 | F28: 10.832105 | G28: 2.5545101 | H28: 0.78411367 | I28: 0.090692665 | J28: 0.075577221 | K28: 0.045346333 | L28: 0.18705362 | M28: 0.043456902
B29: 3800000 | C29: Dubăsari | D29: 100 | E29: 96.400533 | F29: 2.479225 | G29: 0.47748037 | H29: 0.44534227 | I29: 0.078049676 | J29: 0.01836463 | K29: 0.01836463 | L29: 0.082640834 | M29: -
B30: 5300000 | C30: Hînceşti | D30: 100 | E30: 87.584579 | F30: 7.4400392 | G30: 3.4076186 | H30: 0.64351732 | I30: 0.074861075 | J30: 0.11661052 | K30: 0.49235553 | L30: 0.2116265 | M30: 0.028792721
B31: 5500000 | C31: Ialoveni | D31: 100 | E31: 80.673668 | F31: 15.615515 | G31: 1.8265331 | H31: 0.47006366 | I31: 0.057750678 | J31: 0.66346128 | K31: 0.42708641 | L31: 0.20817105 | M31: 0.057750678
B32: 6000000 | C32: Nisporeni | D32: 100 | E32: 89.396644 | F32: 8.5985774 | G32: 0.2938511 | H32: 0.20047785 | I32: 0.024716447 | J32: 0.043940351 | K32: 1.3017329 | L32: 0.074149342 | M32: 0.065910526
B33: 6400000 | C33: Orhei | D33: 100 | E33: 87.976073 | F33: 8.4134676 | G33: 2.2059009 | H33: 0.85560688 | I33: 0.054264153 | J33: 0.056788067 | K33: 0.14764897 | L33: 0.21705661 | M33: 0.073193508
B34: 6700000 | C34: Rezina | D34: 100 | E34: 90.880534 | F34: 5.7699302 | G34: 1.8648944 | H34: 0.99196508 | I34: 0.082663757 | J34: 0.072744106 | K34: 0.072744106 | L34: 0.16863406 | M34: 0.095889958
B35: 8000000 | C35: Străşeni | D35: 100 | E35: 86.936541 | F35: 11.313191 | G35: 0.67142531 | H35: 0.63883185 | I35: 0.060297904 | J35: 0.06844627 | K35: 0.04726052 | L35: 0.14178156 | M35: 0.12222548
B36: 8300000 | C36: Şoldăneşti | D36: 100 | E36: 93.604789 | F36: 4.6073876 | G36: 1.0986847 | H36: 0.35441443 | I36: 0.01968969 | J36: 0.027565567 | K36: 0.16933134 | L36: 0.094510514 | M36: 0.023627629
B37: 8900000 | C37: Teleneşti | D37: 100 | E37: 90.770047 | F37: 8.2215575 | G37: 0.64894336 | H37: 0.23159317 | I37: 0.012062144 | J37: 0.019299431 | K37: - | L37: 0.074785294 | M37: 0.02171186
B38: 9200000 | C38: Ungheni | D38: 100 | E38: 91.04137 | F38: 4.9944594 | G38: 2.7478761 | H38: 0.84164424 | I38: 0.043533323 | J38: 0.048810089 | K38: 0.05804443 | L38: 0.15434542 | M38: 0.069917155
C39: Sud | D39: 100 | E39: 77.659519 | F39: 6.149893 | G39: 2.8620154 | H39: 2.595281 | I39: 2.1074633 | J39: 7.9772526 | K39: 0.27945166 | L39: 0.29869046 | M39: 0.070433558
B40: 1200000 | C40: Basarabeasca | D40: 100 | E40: 65.401636 | F40: 5.9206115 | G40: 5.8401502 | H40: 7.5030173 | I40: 8.1936436 | J40: 5.2098699 | K40: 1.1264584 | L40: 0.74426713 | M40: 0.060345984
B41: 1700000 | C41: Cahul | D41: 100 | E41: 80.553762 | F41: 5.369976 | G41: 3.8996908 | H41: 3.3899004 | I41: 2.3552044 | J41: 3.7018207 | K41: 0.10855376 | L41: 0.53177602 | M41: 0.089316386
B42: 2100000 | C42: Cantemir | D42: 100 | E42: 85.844308 | F42: 7.2330551 | G42: 1.0548205 | H42: 0.66001627 | I42: 0.57563063 | J42: 4.4001085 | K42: 0.1446611 | L42: 0.081371869 | M42: 0.0060275459
B43: 2700000 | C43: Căuşeni | D43: 100 | E43: 85.847261 | F43: 8.3599658 | G43: 1.6992368 | H43: 2.2842773 | I43: 0.55884459 | J43: 0.90986885 | K43: 0.092558635 | L43: 0.17813171 | M43: 0.069855574
B44: 2900000 | C44: Cimişlia | D44: 100 | E44: 86.574582 | F44: 5.1345769 | G44: 3.4596269 | H44: 2.6431292 | I44: 0.34531724 | J44: 1.5523139 | K44: 0.10972697 | L44: 0.15813593 | M44: 0.022590847
B45: 5700000 | C45: Leova | D45: 100 | E45: 85.805445 | F45: 5.7638287 | G45: 1.2311427 | H45: 1.0369343 | I45: 0.48205306 | J45: 5.2054795 | K45: 0.33639674 | L45: 0.11444425 | M45: 0.024276053
B46: 8500000 | C46: Ştefan Vodă | D46: 100 | E46: 86.728154 | F46: 8.4143313 | G46: 2.3956486 | H46: 1.5040795 | I46: 0.094596193 | J46: 0.10878562 | K46: 0.53446849 | L46: 0.15844862 | M46: 0.061487525
B47: 8700000 | C47: Taraclia | D47: 100 | E47: 14.756951 | F47: 0.26858332 | G47: 4.936637 | H47: 4.1308871 | I47: 10.327218 | J47: 64.248156 | K47: 0.57499527 | L47: 0.52960091 | M47: 0.22697182
B48: 9600000 | C48: UTA Găgăuzia | D48: 100 | E48: 6.2709804 | F48: 0.06173554 | G48: 2.6131497 | H48: 3.172628 | I48: 81.218891 | J48: 5.509897 | K48: 0.32797006 | L48: 0.61349693 | M48: 0.2112513
B50: 1Datele se referă doar la UAT efectiv recenzate și nu includ unitățile administrativ-teritoriale din stânga Nistrului, municipiului Bender (inclusiv satul Proteagailovca), comuna Chițcani (inclusiv satele Merenești și Zahorna), satele Cremenciug și Gîsca din raionul Căușeni, comuna Corjova (inclusiv satul Mahala) din raionul Dubăsari, precum și satul Roghi din cadrul comunei Molovata Nouă, raionul Dubăsari.
B51: ² Datele pentru "Populație" sunt prezentate pentru populația cu reședință obișnuită.
B52: ”-” = magnitudine zero
B53: ”0,0” = valoare mai mică decât 0,05

Sheet  5.6
B1: Cuprins
B3: =Cuprins!B2 -> Recensământul Populației și Locuințelor 2024: CARACTERISTICI ETNO-CULTURALE
B5: 5.6 Populația după etnie pe orașe (municipii) și sate (comune), la recensământul din 20241,2
M6: persoane
B7: Cod statistic CUATM | C7: Regiuni de dezvoltare, raioane/municipii și orașe/sate (comune) | D7: Total | E7: Etnia declarată | M7: Nu au declarat etnia
E8: Moldoveni | F8: Români | G8: Ucraineni | H8: Ruși | I8: Găgăuzi | J8: Bulgari | K8: Romi/Țigani | L8: Alte etnii
B9: A | C9: B | D9: 1 | E9: 2 | F9: 3 | G9: 4 | H9: 5 | I9: 6 | J9: 7 | K9: 8 | L9: 9 | M9: 10
C10: Total | D10: 2409207 | E10: 1848670 | F10: 193197 | G10: 123586 | H10: 81630 | I10: 97205 | J10: 38236 | K10: 9356 | L10: 13879 | M10: 3448
B11: 100000 | C11: Mun. Chișinău | D11: 720128 | E11: 521837 | F11: 92988 | G11: 38701 | H11: 42796 | I11: 5590 | J11: 6505 | K11: 789 | L11: 8933 | M11: 1989
B12: 101000 | C12: or. Chișinău, din care pe sectoare | D12: 567038 | E12: 399844 | F12: 69857 | G12: 35715 | H12: 39960 | I12: 5051 | J12: 5934 | K12: 650 | L12: 8276 | M12: 1751
B13: 110000 | C13: Botanica | D13: 144824 | E13: 103397 | F13: 12485 | G13: 10369 | H13: 12794 | I13: 1521 | J13: 1789 | K13: 106 | L13: 1933 | M13: 430
B14: 120000 | C14: Buiucani | D14: 100985 | E14: 71790 | F14: 14519 | G14: 5326 | H14: 6228 | I14: 772 | J14: 841 | K14: 127 | L14: 1158 | M14: 224
B15: 130000 | C15: Centru | D15: 87230 | E15: 58604 | F15: 13041 | G15: 5573 | H15: 5226 | I15: 820 | J15: 857 | K15: 203 | L15: 2495 | M15: 411
B16: 140000 | C16: Ciocana | D16: 105680 | E16: 79494 | F16: 12344 | G16: 5447 | H16: 5523 | I16: 693 | J16: 941 | K16: 89 | L16: 890 | M16: 259
B17: 150000 | C17: Rîșcani | D17: 128319 | E17: 86559 | F17: 17468 | G17: 9000 | H17: 10189 | I17: 1245 | J17: 1506 | K17: 125 | L17: 1800 | M17: 427
B18: 111000 | C18: or. Sîngera | D18: 12368 | E18: 11171 | F18: 937 | G18: 80 | H18: 105 | I18: 36 | J18: 13 | K18: 1 | L18: 22 | M18: 3
B19: 121000 | C19: or. Durlești | D19: 26308 | E19: 20324 | F19: 4650 | G19: 449 | H19: 450 | I19: 123 | J19: 134 | K19: 40 | L19: 110 | M19: 28
B20: 122000 | C20: or. Vatra | D20: 3391 | E20: 2376 | F20: 473 | G20: 148 | H20: 232 | I20: 15 | J20: 25 | K20: 50 | L20: 42 | M20: 30
B21: 131000 | C21: or. Codru | D21: 18310 | E21: 12470 | F21: 4245 | G21: 679 | H21: 509 | I21: 113 | J21: 103 | K21: 10 | L21: 126 | M21: 55
B22: 141000 | C22: or. Vadul lui Vodă | D22: 4280 | E22: 3475 | F22: 330 | G22: 152 | H22: 278 | I22: 6 | J22: 11 | K22: - | L22: 23 | M22: 5
B23: 151000 | C23: or. Cricova | D23: 9536 | E23: 7868 | F23: 858 | G23: 276 | H23: 359 | I23: 39 | J23: 56 | K23: 13 | L23: 56 | M23: 11
B24: 112000 | C24: Băcioi | D24: 11663 | E24: 10591 | F24: 987 | G24: 27 | H24: 26 | I24: 3 | J24: 11 | K24: 6 | L24: 11 | M24: 1
B25: 123000 | C25: Condriţa | D25: 547 | E25: 465 | F25: 72 | G25: 4 | H25: 1 | I25: 1 | J25: - | K25: - | L25: 4 | M25: -
B26: 125000 | C26: Ghidighici | D26: 5240 | E26: 4157 | F26: 958 | G26: 56 | H26: 37 | I26: 6 | J26: 7 | K26: - | L26: 11 | M26: 8
B27: 126000 | C27: Truşeni | D27: 10937 | E27: 8452 | F27: 2152 | G27: 110 | H27: 94 | I27: 24 | J27: 43 | K27: - | L27: 36 | M27: 26
B28: 142000 | C28: Bubuieci | D28: 11152 | E28: 9307 | F28: 1423 | G28: 117 | H28: 162 | I28: 39 | J28: 44 | K28: 14 | L28: 40 | M28: 6
B29: 143000 | C29: Budeşti | D29: 4425 | E29: 3990 | F29: 320 | G29: 41 | H29: 32 | I29: 5 | J29: 12 | K29: - | L29: 21 | M29: 4
B30: 144000 | C30: Coloniţa | D30: 3956 | E30: 3200 | F30: 647 | G30: 31 | H30: 53 | I30: 11 | J30: 5 | K30: 1 | L30: 7 | M30: 1
B31: 145000 | C31: Cruzeşti | D31: 1709 | E31: 1473 | F31: 194 | G31: 17 | H31: 15 | I31: 3 | J31: 1 | K31: - | L31: 6 | M31: -
B32: 146000 | C32: Tohatin | D32: 4045 | E32: 3169 | F32: 636 | G32: 89 | H32: 68 | I32: 20 | J32: 16 | K32: - | L32: 20 | M32: 27
B33: 152000 | C33: Ciorescu | D33: 6714 | E33: 5535 | F33: 645 | G33: 268 | H33: 171 | I33: 36 | J33: 26 | K33: 2 | L33: 31 | M33: -
B34: 153000 | C34: Grătieşti | D34: 7299 | E34: 5971 | F34: 1172 | G34: 57 | H34: 48 | I34: 10 | J34: 11 | K34: 1 | L34: 22 | M34: 7
B35: 154000 | C35: Stăuceni | D35: 11210 | E35: 7999 | F35: 2432 | G35: 385 | H35: 196 | I35: 49 | J35: 53 | K35: 1 | L35: 69 | M35: 26
C36: Regiunea Nord | D36: 608651 | E36: 495145 | F36: 23224 | G36: 59118 | H36: 22096 | I36: 471 | J36: 451 | K36: 5426 | L36: 2114 | M36: 606
B37: 300000 | C37: Mun. Bălți | D37: 94546 | E37: 67259 | F37: 3521 | G37: 12445 | H37: 9537 | I37: 115 | J37: 136 | K37: 144 | L37: 1085 | M37: 304
B38: 301000 | C38: or. Bălți | D38: 90954 | E38: 64349 | F38: 3257 | G38: 12156 | H38: 9428 | I38: 114 | J38: 136 | K38: 144 | L38: 1067 | M38: 303
B39: 310000 | C39: Elizaveta | D39: 2620 | E39: 2354 | F39: 249 | G39: 9 | H39: 8 | I39: - | J39: - | K39: - | L39: - | M39: -
B40: 311000 | C40: Sadovoe | D40: 972 | E40: 556 | F40: 15 | G40: 280 | H40: 101 | I40: 1 | J40: - | K40: - | L40: 18 | M40: 1
B41: 1400000 | C41: Raionul Briceni | D41: 46894 | E41: 36157 | F41: 1369 | G41: 8161 | H41: 823 | I41: 32 | J41: 26 | K41: 210 | L41: 98 | M41: 18
B42: 1401000 | C42: or. Briceni | D42: 5785 | E42: 3563 | F42: 128 | G42: 1562 | H42: 298 | I42: 13 | J42: 13 | K42: 172 | L42: 33 | M42: 3
B43: 1402000 | C43: or. Lipcani | D43: 3569 | E43: 2636 | F43: 61 | G43: 593 | H43: 232 | I43: 4 | J43: 2 | K43: 9 | L43: 31 | M43: 1
B44: 1410000 | C44: Balasinești | D44: 1237 | E44: 1213 | F44: 18 | G44: 4 | H44: 1 | I44: - | J44: - | K44: 1 | L44: - | M44: -
B45: 1411000 | C45: Beleavinți | D45: 1284 | E45: 839 | F45: 8 | G45: 423 | H45: 9 | I45: 2 | J45: - | K45: - | L45: 1 | M45: 2
B46: 1412000 | C46: Bălcăuți | D46: 339 | E46: 109 | F46: 1 | G46: 201 | H46: 24 | I46: - | J46: 2 | K46: - | L46: 2 | M46: -
B47: 1413000 | C47: Berlinți | D47: 1136 | E47: 455 | F47: - | G47: 654 | H47: 23 | I47: 2 | J47: 1 | K47: - | L47: 1 | M47: -
B48: 1414000 | C48: Bogdănești | D48: 891 | E48: 211 | F48: - | G48: 629 | H48: 46 | I48: - | J48: 1 | K48: - | L48: 4 | M48: -
B49: 1415000 | C49: Bulboaca | D49: 509 | E49: 507 | F49: 1 | G49: - | H49: 1 | I49: - | J49: - | K49: - | L49: - | M49: -
B50: 1416000 | C50: Caracușenii Vechi | D50: 2629 | E50: 2610 | F50: 8 | G50: 7 | H50: 4 | I50: - | J50: - | K50: - | L50: - | M50: -
B51: 1417000 | C51: Colicăuți | D51: 2025 | E51: 1580 | F51: 276 | G51: 155 | H51: 9 | I51: - | J51: 1 | K51: - | L51: 4 | M51: -
B52: 1418000 | C52: Corjeuți | D52: 4495 | E52: 4158 | F52: 306 | G52: 21 | H52: 6 | I52: - | J52: - | K52: - | L52: 4 | M52: -
B53: 1419000 | C53: Coteala | D53: 1338 | E53: 1263 | F53: 68 | G53: 3 | H53: 4 | I53: - | J53: - | K53: - | L53: - | M53: -
B54: 1420000 | C54: Cotiujeni | D54: 2200 | E54: 2121 | F54: 49 | G54: 15 | H54: 10 | I54: - | J54: - | K54: - | L54: 3 | M54: 2
B55: 1421000 | C55: Criva | D55: 920 | E55: 870 | F55: 32 | G55: 13 | H55: 2 | I55: - | J55: - | K55: - | L55: 3 | M55: -
B56: 1422000 | C56: Drepcăuți | D56: 1316 | E56: 1265 | F56: 27 | G56: 16 | H56: 3 | I56: - | J56: - | K56: - | L56: 4 | M56: 1
B57: 1423000 | C57: Grimăncăuți | D57: 2854 | E57: 2765 | F57: 57 | G57: 6 | H57: 4 | I57: - | J57: - | K57: 19 | L57: - | M57: 3
B58: 1424000 | C58: Halahora de Sus | D58: 951 | E58: 152 | F58: - | G58: 752 | H58: 43 | I58: - | J58: - | K58: - | L58: 2 | M58: 2
B59: 1425000 | C59: Hlina | D59: 647 | E59: 604 | F59: 23 | G59: 15 | H59: 5 | I59: - | J59: - | K59: - | L59: - | M59: -
B60: 1426000 | C60: Larga | D60: 2977 | E60: 2892 | F60: 57 | G60: 18 | H60: 5 | I60: 1 | J60: 2 | K60: 1 | L60: 1 | M60: -
B61: 1427000 | C61: Mărcăuți | D61: 863 | E61: 599 | F61: 13 | G61: 225 | H61: 18 | I61: 8 | J61: - | K61: - | L61: - | M61: -
B62: 1428000 | C62: Medveja | D62: 885 | E62: 65 | F62: 1 | G62: 803 | H62: 15 | I62: 1 | J62: - | K62: - | L62: - | M62: -
B63: 1429000 | C63: Mihăileni | D63: 392 | E63: 82 | F63: - | G63: 299 | H63: 10 | I63: - | J63: - | K63: - | L63: 1 | M63: -
B64: 1430000 | C64: Pererita | D64: 939 | E64: 848 | F64: 76 | G64: 10 | H64: 4 | I64: - | J64: - | K64: - | L64: - | M64: 1
B65: 1431000 | C65: Slobozia-Șirăuți | D65: 689 | E65: 229 | F65: 1 | G65: 430 | H65: 27 | I65: - | J65: 1 | K65: - | L65: 1 | M65: -
B66: 1432000 | C66: Șirăuți | D66: 1217 | E66: 1147 | F66: 54 | G66: 12 | H66: 4 | I66: - | J66: - | K66: - | L66: - | M66: -
B67: 1433000 | C67: Tabani | D67: 1807 | E67: 1726 | F67: 67 | G67: 7 | H67: 3 | I67: - | J67: 1 | K67: - | L67: - | M67: 3
B68: 1434000 | C68: Tețcani | D68: 1701 | E68: 406 | F68: 1 | G68: 1278 | H68: 11 | I68: - | J68: 2 | K68: - | L68: 3 | M68: -
B69: 1435000 | C69: Trebisăuți | D69: 1299 | E69: 1242 | F69: 36 | G69: 10 | H69: 2 | I69: 1 | J69: - | K69: 8 | L69: - | M69: -
B70: 3400000 | C70: Raionul Dondușeni | D70: 28108 | E70: 22800 | F70: 1313 | G70: 2322 | H70: 1452 | I70: 16 | J70: 23 | K70: 124 | L70: 46 | M70: 12
B71: 3401000 | C71: or. Dondușeni | D71: 5987 | E71: 4514 | F71: 255 | G71: 811 | H71: 348 | I71: 9 | J71: 14 | K71: 12 | L71: 22 | M71: 2
B72: 3410000 | C72: Arionești | D72: 1033 | E72: 1013 | F72: 10 | G72: 7 | H72: 2 | I72: - | J72: - | K72: - | L72: 1 | M72: -
B73: 3411000 | C73: Baraboi | D73: 2148 | E73: 1966 | F73: 142 | G73: 18 | H73: 7 | I73: - | J73: - | K73: 13 | L73: 2 | M73: -
B74: 3412000 | C74: Briceni | D74: 437 | E74: 411 | F74: 13 | G74: 8 | H74: 4 | I74: - | J74: - | K74: - | L74: 1 | M74: -
B75: 3413000 | C75: Cernoleuca | D75: 1151 | E75: 1102 | F75: 37 | G75: 9 | H75: - | I75: 1 | J75: - | K75: - | L75: 2 | M75: -
B76: 3414000 | C76: Climăuți | D76: 701 | E76: 690 | F76: 6 | G76: 4 | H76: - | I76: 1 | J76: - | K76: - | L76: - | M76: -
B77: 3415000 | C77: Corbu | D77: 805 | E77: 783 | F77: 18 | G77: 2 | H77: 2 | I77: - | J77: - | K77: - | L77: - | M77: -
B78: 3416000 | C78: Crișcăuți | D78: 735 | E78: 704 | F78: 25 | G78: 3 | H78: 3 | I78: - | J78: - | K78: - | L78: - | M78: -
B79: 3417000 | C79: Dondușeni | D79: 994 | E79: 929 | F79: 33 | G79: 18 | H79: 9 | I79: - | J79: 2 | K79: 2 | L79: 1 | M79: -
B80: 3417100 | C80: Elizavetovca | D80: 339 | E80: 167 | F80: 2 | G80: 161 | H80: 9 | I80: - | J80: - | K80: - | L80: - | M80: -
B81: 3418000 | C81: Frasin | D81: 1313 | E81: 894 | F81: 273 | G81: 132 | H81: 12 | I81: - | J81: - | K81: - | L81: 2 | M81: -
B82: 3419000 | C82: Horodiște | D82: 584 | E82: 569 | F82: 5 | G82: 4 | H82: - | I82: - | J82: 1 | K82: - | L82: 1 | M82: 4
B83: 3420000 | C83: Moșana | D83: 1265 | E83: 364 | F83: 2 | G83: 868 | H83: 26 | I83: - | J83: 2 | K83: - | L83: 2 | M83: 1
B84: 3421000 | C84: Pivniceni | D84: 408 | E84: 399 | F84: 4 | G84: - | H84: 3 | I84: - | J84: - | K84: - | L84: 2 | M84: -
B85: 3422000 | C85: Plop | D85: 936 | E85: 918 | F85: 11 | G85: 3 | H85: 4 | I85: - | J85: - | K85: - | L85: - | M85: -
B86: 3423000 | C86: Pocrovca | D86: 940 | E86: 46 | F86: - | G86: 19 | H86: 873 | I86: - | J86: - | K86: - | L86: 2 | M86: -
B87: 3424000 | C87: Rediul Mare | D87: 613 | E87: 591 | F87: 13 | G87: 7 | H87: - | I87: 2 | J87: - | K87: - | L87: - | M87: -
B88: 3425000 | C88: Scăieni | D88: 1044 | E88: 742 | F88: 296 | G88: 5 | H88: 1 | I88: - | J88: - | K88: - | L88: - | M88: -
B89: 3426000 | C89: Sudarca | D89: 1272 | E89: 1239 | F89: 27 | G89: 4 | H89: - | I89: - | J89: 1 | K89: - | L89: 1 | M89: -
B90: 3427000 | C90: Teleșeuca | D90: 533 | E90: 521 | F90: 4 | G90: 5 | H90: 3 | I90: - | J90: - | K90: - | L90: - | M90: -
B91: 3428000 | C91: Tîrnova | D91: 2923 | E91: 2442 | F91: 43 | G91: 194 | H91: 134 | I91: 3 | J91: - | K91: 97 | L91: 5 | M91: 5
B92: 3429000 | C92: Țaul | D92: 1947 | E92: 1796 | F92: 94 | G92: 40 | H92: 12 | I92: - | J92: 3 | K92: - | L92: 2 | M92: -
B93: 3600000 | C93: Raionul Drochia | D93: 53738 | E93: 47748 | F93: 1776 | G93: 3114 | H93: 629 | I93: 34 | J93: 29 | K93: 317 | L93: 85 | M93: 6
B94: 3601000 | C94: or. Drochia | D94: 12939 | E94: 11074 | F94: 607 | G94: 861 | H94: 296 | I94: 11 | J94: 14 | K94: 29 | L94: 43 | M94: 4
B95: 3610000 | C95: Antoneuca | D95: 274 | E95: 262 | F95: 9 | G95: 2 | H95: 1 | I95: - | J95: - | K95: - | L95: - | M95: -
B96: 3611000 | C96: Baroncea | D96: 1028 | E96: 476 | F96: 3 | G96: 446 | H96: 89 | I96: - | J96: 1 | K96: 11 | L96: 2 | M96: -
B97: 3612000 | C97: Chetrosu | D97: 3388 | E97: 3166 | F97: 135 | G97: 4 | H97: 9 | I97: - | J97: 1 | K97: 71 | L97: 2 | M97: -
B98: 3613000 | C98: Cotova | D98: 1785 | E98: 1666 | F98: 31 | G98: 79 | H98: 8 | I98: - | J98: - | K98: - | L98: 1 | M98: -
B99: 3614000 | C99: Dominteni | D99: 745 | E99: 699 | F99: 33 | G99: 9 | H99: 4 | I99: - | J99: - | K99: - | L99: - | M99: -
B100: 3615000 | C100: Drochia | D100: 1908 | E100: 1852 | F100: 30 | G100: 1 | H100: 2 | I100: - | J100: 1 | K100: 21 | L100: 1 | M100: -
B101: 3616000 | C101: Gribova | D101: 1194 | E101: 1094 | F101: 31 | G101: 8 | H101: 13 | I101: - | J101: 1 | K101: 47 | L101: - | M101: -
B102: 3617000 | C102: Fîntînița | D102: 744 | E102: 726 | F102: 13 | G102: 1 | H102: 3 | I102: - | J102: - | K102: - | L102: 1 | M102: -
...

Sheet 5.7
B1: Cuprins
B3: =Cuprins!B2 -> Recensământul Populației și Locuințelor 2024: CARACTERISTICI ETNO-CULTURALE
B5: 5.7 Populația după etnie pe orașe (municipii) și sate (comune), la recensământul din 20241,2
M6: %
B7: Cod statistic CUATM | C7: Regiuni de dezvoltare, raioane/municipii și orașe/sate (comune) | D7: Total | E7: Etnia declarată | M7: Nu au declarat etnia
E8: Moldoveni | F8: Români | G8: Ucraineni | H8: Ruși | I8: Găgăuzi | J8: Bulgari | K8: Romi/ Țigani | L8: Alte etnii
B9: A | C9: B | D9: 1 | E9: 2 | F9: 3 | G9: 4 | H9: 5 | I9: 6 | J9: 7 | K9: 8 | L9: 9 | M9: 10
C10: Total | D10: 100 | E10: 76.733548 | F10: 8.0191117 | G10: 5.1297377 | H10: 3.3882518 | I10: 4.0347301 | J10: 1.5870782 | K10: 0.38834355 | L10: 0.57608167 | M10: 0.14311763
B11: 100000 | C11: Mun. Chișinău | D11: 100 | E11: 72.464479 | F11: 12.912704 | G11: 5.3741835 | H11: 5.9428324 | I11: 0.77625089 | J11: 0.90331163 | K11: 0.10956386 | L11: 1.2404739 | M11: 0.2762009
B12: 101000 | C12: or. Chișinău, din care pe sectoare | D12: 100 | E12: 70.514498 | F12: 12.319633 | G12: 6.2985197 | H12: 7.0471468 | I12: 0.89076923 | J12: 1.0464907 | K12: 0.11463077 | L12: 1.4595142 | M12: 0.30879765
B13: 110000 | C13: Botanica | D13: 100 | E13: 71.394935 | F13: 8.6208087 | G13: 7.1597249 | H13: 8.8341711 | I13: 1.0502403 | J13: 1.2352925 | K13: 0.073192289 | L13: 1.3347235 | M13: 0.29691211
B14: 120000 | C14: Buiucani | D14: 100 | E14: 71.089766 | F14: 14.377383 | G14: 5.2740506 | H14: 6.1672526 | I14: 0.76446997 | J14: 0.83279695 | K14: 0.12576125 | L14: 1.146705 | M14: 0.22181512
B15: 130000 | C15: Centru | D15: 100 | E15: 67.183308 | F15: 14.950132 | G15: 6.388857 | H15: 5.9910581 | I15: 0.94004356 | J15: 0.98246016 | K15: 0.2327181 | L15: 2.8602545 | M15: 0.47116818
B16: 140000 | C16: Ciocana | D16: 100 | E16: 75.221423 | F16: 11.680545 | G16: 5.1542392 | H16: 5.2261544 | I16: 0.65575322 | J16: 0.89042392 | K16: 0.084216503 | L16: 0.84216503 | M16: 0.24507949
B17: 150000 | C17: Rîșcani | D17: 100 | E17: 67.456105 | F17: 13.612949 | G17: 7.0137704 | H17: 7.9403674 | I17: 0.97023823 | J17: 1.1736376 | K17: 0.097413477 | L17: 1.4027541 | M17: 0.33276444
B18: 111000 | C18: or. Sîngera | D18: 100 | E18: 90.321798 | F18: 7.5760026 | G18: 0.64683053 | H18: 0.84896507 | I18: 0.29107374 | J18: 0.10510996 | K18: 0.0080853816 | L18: 0.1778784 | M18: 0.024256145
B19: 121000 | C19: or. Durlești | D19: 100 | E19: 77.254067 | F19: 17.675232 | G19: 1.7067052 | H19: 1.7105063 | I19: 0.46753839 | J19: 0.50935077 | K19: 0.15204501 | L19: 0.41812376 | M19: 0.1064315
B20: 122000 | C20: or. Vatra | D20: 100 | E20: 70.067827 | F20: 13.948688 | G20: 4.3644942 | H20: 6.8416396 | I20: 0.44234739 | J20: 0.73724565 | K20: 1.4744913 | L20: 1.2385727 | M20: 0.88469478
B21: 131000 | C21: or. Codru | D21: 100 | E21: 68.104861 | F21: 23.184052 | G21: 3.7083561 | H21: 2.7799017 | I21: 0.6171491 | J21: 0.56253413 | K21: 0.054614965 | L21: 0.68814855 | M21: 0.3003823
B22: 141000 | C22: or. Vadul lui Vodă | D22: 100 | E22: 81.191589 | F22: 7.7102804 | G22: 3.5514019 | H22: 6.4953271 | I22: 0.14018692 | J22: 0.25700935 | K22: - | L22: 0.53738318 | M22: 0.11682243
B23: 151000 | C23: or. Cricova | D23: 100 | E23: 82.508389 | F23: 8.9974832 | G23: 2.8942953 | H23: 3.7646812 | I23: 0.40897651 | J23: 0.58724832 | K23: 0.1363255 | L23: 0.58724832 | M23: 0.11535235
B24: 112000 | C24: Băcioi | D24: 100 | E24: 90.80854 | F24: 8.4626597 | G24: 0.23150133 | H24: 0.22292721 | I24: 0.02572237 | J24: 0.094315356 | K24: 0.05144474 | L24: 0.094315356 | M24: 0.0085741233
B25: 123000 | C25: Condriţa | D25: 100 | E25: 85.009141 | F25: 13.162706 | G25: 0.73126143 | H25: 0.18281536 | I25: 0.18281536 | J25: - | K25: - | L25: 0.73126143 | M25: -
B26: 125000 | C26: Ghidighici | D26: 100 | E26: 79.332061 | F26: 18.282443 | G26: 1.0687023 | H26: 0.70610687 | I26: 0.11450382 | J26: 0.13358779 | K26: - | L26: 0.20992366 | M26: 0.15267176
B27: 126000 | C27: Truşeni | D27: 100 | E27: 77.278961 | F27: 19.676328 | G27: 1.0057603 | H27: 0.85946786 | I27: 0.2194386 | J27: 0.39316083 | K27: - | L27: 0.3291579 | M27: 0.23772515
B28: 142000 | C28: Bubuieci | D28: 100 | E28: 83.455882 | F28: 12.760043 | G28: 1.0491392 | H28: 1.4526542 | I28: 0.34971306 | J28: 0.39454806 | K28: 0.12553802 | L28: 0.35868006 | M28: 0.053802009
B29: 143000 | C29: Budeşti | D29: 100 | E29: 90.169492 | F29: 7.2316384 | G29: 0.92655367 | H29: 0.72316384 | I29: 0.11299435 | J29: 0.27118644 | K29: - | L29: 0.47457627 | M29: 0.09039548
B30: 144000 | C30: Coloniţa | D30: 100 | E30: 80.889788 | F30: 16.354904 | G30: 0.78361982 | H30: 1.3397371 | I30: 0.27805865 | J30: 0.12639029 | K30: 0.025278059 | L30: 0.17694641 | M30: 0.025278059
B31: 145000 | C31: Cruzeşti | D31: 100 | E31: 86.190755 | F31: 11.351668 | G31: 0.99473376 | H31: 0.87770626 | I31: 0.17554125 | J31: 0.058513751 | K31: - | L31: 0.3510825 | M31: -
B32: 146000 | C32: Tohatin | D32: 100 | E32: 78.343634 | F32: 15.723115 | G32: 2.2002472 | H32: 1.6810878 | I32: 0.49443758 | J32: 0.39555006 | K32: - | L32: 0.49443758 | M32: 0.66749073
B33: 152000 | C33: Ciorescu | D33: 100 | E33: 82.439678 | F33: 9.6067918 | G33: 3.9916592 | H33: 2.5469169 | I33: 0.53619303 | J33: 0.38725052 | K33: 0.029788502 | L33: 0.46172178 | M33: -
B34: 153000 | C34: Grătieşti | D34: 100 | E34: 81.805727 | F34: 16.056994 | G34: 0.78092889 | H34: 0.65762433 | I34: 0.13700507 | J34: 0.15070558 | K34: 0.013700507 | L34: 0.30141115 | M34: 0.095903548
B35: 154000 | C35: Stăuceni | D35: 100 | E35: 71.355932 | F35: 21.694915 | G35: 3.4344335 | H35: 1.7484389 | I35: 0.43710972 | J35: 0.47279215 | K35: 0.0089206066 | L35: 0.61552186 | M35: 0.23193577
C36: Regiunea Nord | D36: 100 | E36: 81.351218 | F36: 3.8156513 | G36: 9.7129554 | H36: 3.6303235 | I36: 0.077384248 | J36: 0.074098293 | K36: 0.89147968 | L36: 0.34732548 | M36: 0.099564447
B37: 300000 | C37: Mun. Bălți | D37: 100 | E37: 71.138917 | F37: 3.7241131 | G37: 13.162905 | H37: 10.087153 | I37: 0.12163391 | J37: 0.14384532 | K37: 0.15230681 | L37: 1.1475895 | M37: 0.32153661
B38: 301000 | C38: or. Bălți | D38: 100 | E38: 70.74895 | F38: 3.580931 | G38: 13.364998 | H38: 10.365679 | I38: 0.12533808 | J38: 0.14952613 | K38: 0.15832179 | L38: 1.1731205 | M38: 0.33313543
B39: 310000 | C39: Elizaveta | D39: 100 | E39: 89.847328 | F39: 9.5038168 | G39: 0.34351145 | H39: 0.30534351 | I39: - | J39: - | K39: - | L39: - | M39: -
B40: 311000 | C40: Sadovoe | D40: 100 | E40: 57.201646 | F40: 1.5432099 | G40: 28.806584 | H40: 10.390947 | I40: 0.10288066 | J40: - | K40: - | L40: 1.8518519 | M40: 0.10288066
B41: 1400000 | C41: Raionul Briceni | D41: 100 | E41: 77.103681 | F41: 2.91935 | G41: 17.403079 | H41: 1.755022 | I41: 0.068239007 | J41: 0.055444193 | K41: 0.44781848 | L41: 0.20898196 | M41: 0.038384442
B42: 1401000 | C42: or. Briceni | D42: 100 | E42: 61.59032 | F42: 2.2126188 | G42: 27.000864 | H42: 5.1512532 | I42: 0.2247191 | J42: 0.2247191 | K42: 2.9732066 | L42: 0.5704408 | M42: 0.051858254
B43: 1402000 | C43: or. Lipcani | D43: 100 | E43: 73.858224 | F43: 1.7091622 | G43: 16.615298 | H43: 6.5004203 | I43: 0.11207621 | J43: 0.056038106 | K43: 0.25217148 | L43: 0.86859064 | M43: 0.028019053
B44: 1410000 | C44: Balasinești | D44: 100 | E44: 98.059822 | F44: 1.4551334 | G44: 0.32336297 | H44: 0.080840744 | I44: - | J44: - | K44: 0.080840744 | L44: - | M44: -
B45: 1411000 | C45: Beleavinți | D45: 100 | E45: 65.342679 | F45: 0.62305296 | G45: 32.943925 | H45: 0.70093458 | I45: 0.15576324 | J45: - | K45: - | L45: 0.07788162 | M45: 0.15576324
B46: 1412000 | C46: Bălcăuți | D46: 100 | E46: 32.153392 | F46: 0.29498525 | G46: 59.292035 | H46: 7.079646 | I46: - | J46: 0.5899705 | K46: - | L46: 0.5899705 | M46: -
B47: 1413000 | C47: Berlinți | D47: 100 | E47: 40.052817 | F47: - | G47: 57.570423 | H47: 2.0246479 | I47: 0.17605634 | J47: 0.088028169 | K47: - | L47: 0.088028169 | M47: -
B48: 1414000 | C48: Bogdănești | D48: 100 | E48: 23.681257 | F48: - | G48: 70.594837 | H48: 5.1627385 | I48: - | J48: 0.11223345 | K48: - | L48: 0.44893378 | M48: -
B49: 1415000 | C49: Bulboaca | D49: 100 | E49: 99.607073 | F49: 0.19646365 | G49: - | H49: 0.19646365 | I49: - | J49: - | K49: - | L49: - | M49: -
B50: 1416000 | C50: Caracușenii Vechi | D50: 100 | E50: 99.277292 | F50: 0.30429821 | G50: 0.26626094 | H50: 0.15214911 | I50: - | J50: - | K50: - | L50: - | M50: -
B51: 1417000 | C51: Colicăuți | D51: 100 | E51: 78.024691 | F51: 13.62963 | G51: 7.654321 | H51: 0.44444444 | I51: - | J51: 0.049382716 | K51: - | L51: 0.19753086 | M51: -
B52: 1418000 | C52: Corjeuți | D52: 100 | E52: 92.502781 | F52: 6.807564 | G52: 0.46718576 | H52: 0.13348165 | I52: - | J52: - | K52: - | L52: 0.088987764 | M52: -
B53: 1419000 | C53: Coteala | D53: 100 | E53: 94.394619 | F53: 5.0822123 | G53: 0.22421525 | H53: 0.29895366 | I53: - | J53: - | K53: - | L53: - | M53: -
B54: 1420000 | C54: Cotiujeni | D54: 100 | E54: 96.409091 | F54: 2.2272727 | G54: 0.68181818 | H54: 0.45454545 | I54: - | J54: - | K54: - | L54: 0.13636364 | M54: 0.090909091
B55: 1421000 | C55: Criva | D55: 100 | E55: 94.565217 | F55: 3.4782609 | G55: 1.4130435 | H55: 0.2173913 | I55: - | J55: - | K55: - | L55: 0.32608696 | M55: -
B56: 1422000 | C56: Drepcăuți | D56: 100 | E56: 96.12462 | F56: 2.0516717 | G56: 1.2158055 | H56: 0.22796353 | I56: - | J56: - | K56: - | L56: 0.30395137 | M56: 0.075987842
B57: 1423000 | C57: Grimăncăuți | D57: 100 | E57: 96.88157 | F57: 1.9971969 | G57: 0.21023125 | H57: 0.14015417 | I57: - | J57: - | K57: 0.66573231 | L57: - | M57: 0.10511563
B58: 1424000 | C58: Halahora de Sus | D58: 100 | E58: 15.983176 | F58: - | G58: 79.074658 | H58: 4.5215563 | I58: - | J58: - | K58: - | L58: 0.21030494 | M58: 0.21030494
B59: 1425000 | C59: Hlina | D59: 100 | E59: 93.353941 | F59: 3.5548686 | G59: 2.3183926 | H59: 0.77279753 | I59: - | J59: - | K59: - | L59: - | M59: -
B60: 1426000 | C60: Larga | D60: 100 | E60: 97.144777 | F60: 1.9146792 | G60: 0.60463554 | H60: 0.16795432 | I60: 0.033590863 | J60: 0.067181727 | K60: 0.033590863 | L60: 0.033590863 | M60: -
B61: 1427000 | C61: Mărcăuți | D61: 100 | E61: 69.409038 | F61: 1.5063731 | G61: 26.071842 | H61: 2.0857474 | I61: 0.92699884 | J61: - | K61: - | L61: - | M61: -
B62: 1428000 | C62: Medveja | D62: 100 | E62: 7.3446328 | F62: 0.11299435 | G62: 90.734463 | H62: 1.6949153 | I62: 0.11299435 | J62: - | K62: - | L62: - | M62: -
B63: 1429000 | C63: Mihăileni | D63: 100 | E63: 20.918367 | F63: - | G63: 76.27551 | H63: 2.5510204 | I63: - | J63: - | K63: - | L63: 0.25510204 | M63: -
B64: 1430000 | C64: Pererita | D64: 100 | E64: 90.308839 | F64: 8.0937167 | G64: 1.0649627 | H64: 0.42598509 | I64: - | J64: - | K64: - | L64: - | M64: 0.10649627
B65: 1431000 | C65: Slobozia-Șirăuți | D65: 100 | E65: 33.236575 | F65: 0.14513788 | G65: 62.409289 | H65: 3.9187228 | I65: - | J65: 0.14513788 | K65: - | L65: 0.14513788 | M65: -
B66: 1432000 | C66: Șirăuți | D66: 100 | E66: 94.248151 | F66: 4.4371405 | G66: 0.98603122 | H66: 0.32867707 | I66: - | J66: - | K66: - | L66: - | M66: -
B67: 1433000 | C67: Tabani | D67: 100 | E67: 95.517432 | F67: 3.707803 | G67: 0.3873824 | H67: 0.16602103 | I67: - | J67: 0.055340343 | K67: - | L67: - | M67: 0.16602103
B68: 1434000 | C68: Tețcani | D68: 100 | E68: 23.868313 | F68: 0.058788948 | G68: 75.132275 | H68: 0.64667842 | I68: - | J68: 0.1175779 | K68: - | L68: 0.17636684 | M68: -
B69: 1435000 | C69: Trebisăuți | D69: 100 | E69: 95.612009 | F69: 2.7713626 | G69: 0.76982294 | H69: 0.15396459 | I69: 0.076982294 | J69: - | K69: 0.61585835 | L69: - | M69: -
B70: 3400000 | C70: Raionul Dondușeni | D70: 100 | E70: 81.115697 | F70: 4.671268 | G70: 8.2609933 | H70: 5.1657891 | I70: 0.056923296 | J70: 0.081827238 | K70: 0.44115554 | L70: 0.16365448 | M70: 0.042692472
B71: 3401000 | C71: or. Dondușeni | D71: 100 | E71: 75.396693 | F71: 4.2592283 | G71: 13.546016 | H71: 5.812594 | I71: 0.15032571 | J71: 0.23383999 | K71: 0.20043427 | L71: 0.36746284 | M71: 0.033405712
B72: 3410000 | C72: Arionești | D72: 100 | E72: 98.063892 | F72: 0.96805421 | G72: 0.67763795 | H72: 0.19361084 | I72: - | J72: - | K72: - | L72: 0.096805421 | M72: -
B73: 3411000 | C73: Baraboi | D73: 100 | E73: 91.527002 | F73: 6.6108007 | G73: 0.83798883 | H73: 0.32588454 | I73: - | J73: - | K73: 0.60521415 | L73: 0.09310987 | M73: -
B74: 3412000 | C74: Briceni | D74: 100 | E74: 94.050343 | F74: 2.9748284 | G74: 1.8306636 | H74: 0.91533181 | I74: - | J74: - | K74: - | L74: 0.22883295 | M74: -
B75: 3413000 | C75: Cernoleuca | D75: 100 | E75: 95.742832 | F75: 3.214596 | G75: 0.78192876 | H75: - | I75: 0.086880973 | J75: - | K75: - | L75: 0.17376195 | M75: -
B76: 3414000 | C76: Climăuți | D76: 100 | E76: 98.430813 | F76: 0.85592011 | G76: 0.57061341 | H76: - | I76: 0.14265335 | J76: - | K76: - | L76: - | M76: -
B77: 3415000 | C77: Corbu | D77: 100 | E77: 97.267081 | F77: 2.2360248 | G77: 0.2484472 | H77: 0.2484472 | I77: - | J77: - | K77: - | L77: - | M77: -
B78: 3416000 | C78: Crișcăuți | D78: 100 | E78: 95.782313 | F78: 3.4013605 | G78: 0.40816327 | H78: 0.40816327 | I78: - | J78: - | K78: - | L78: - | M78: -
B79: 3417000 | C79: Dondușeni | D79: 100 | E79: 93.460765 | F79: 3.3199195 | G79: 1.8108652 | H79: 0.9054326 | I79: - | J79: 0.20120724 | K79: 0.20120724 | L79: 0.10060362 | M79: -
B80: 3417100 | C80: Elizavetovca | D80: 100 | E80: 49.262537 | F80: 0.5899705 | G80: 47.492625 | H80: 2.6548673 | I80: - | J80: - | K80: - | L80: - | M80: -
B81: 3418000 | C81: Frasin | D81: 100 | E81: 68.088347 | F81: 20.792079 | G81: 10.053313 | H81: 0.91393755 | I81: - | J81: - | K81: - | L81: 0.15232292 | M81: -
B82: 3419000 | C82: Horodiște | D82: 100 | E82: 97.431507 | F82: 0.85616438 | G82: 0.68493151 | H82: - | I82: - | J82: 0.17123288 | K82: - | L82: 0.17123288 | M82: 0.68493151
B83: 3420000 | C83: Moșana | D83: 100 | E83: 28.774704 | F83: 0.15810277 | G83: 68.616601 | H83: 2.055336 | I83: - | J83: 0.15810277 | K83: - | L83: 0.15810277 | M83: 0.079051383
B84: 3421000 | C84: Pivniceni | D84: 100 | E84: 97.794118 | F84: 0.98039216 | G84: - | H84: 0.73529412 | I84: - | J84: - | K84: - | L84: 0.49019608 | M84: -
B85: 3422000 | C85: Plop | D85: 100 | E85: 98.076923 | F85: 1.1752137 | G85: 0.32051282 | H85: 0.42735043 | I85: - | J85: - | K85: - | L85: - | M85: -
B86: 3423000 | C86: Pocrovca | D86: 100 | E86: 4.893617 | F86: - | G86: 2.0212766 | H86: 92.87234 | I86: - | J86: - | K86: - | L86: 0.21276596 | M86: -
B87: 3424000 | C87: Rediul Mare | D87: 100 | E87: 96.411093 | F87: 2.1207178 | G87: 1.141925 | H87: - | I87: 0.32626427 | J87: - | K87: - | L87: - | M87: -
B88: 3425000 | C88: Scăieni | D88: 100 | E88: 71.072797 | F88: 28.35249 | G88: 0.4789272 | H88: 0.095785441 | I88: - | J88: - | K88: - | L88: - | M88: -
B89: 3426000 | C89: Sudarca | D89: 100 | E89: 97.40566 | F89: 2.1226415 | G89: 0.31446541 | H89: - | I89: - | J89: 0.078616352 | K89: - | L89: 0.078616352 | M89: -
B90: 3427000 | C90: Teleșeuca | D90: 100 | E90: 97.748593 | F90: 0.75046904 | G90: 0.9380863 | H90: 0.56285178 | I90: - | J90: - | K90: - | L90: - | M90: -
B91: 3428000 | C91: Tîrnova | D91: 100 | E91: 83.544304 | F91: 1.4710913 | G91: 6.6370168 | H91: 4.5843312 | I91: 0.10263428 | J91: - | K91: 3.3185084 | L91: 0.17105713 | M91: 0.17105713
B92: 3429000 | C92: Țaul | D92: 100 | E92: 92.244479 | F92: 4.8279404 | G92: 2.0544427 | H92: 0.61633282 | I92: - | J92: 0.1540832 | K92: - | L92: 0.10272214 | M92: -
B93: 3600000 | C93: Raionul Drochia | D93: 100 | E93: 88.853325 | F93: 3.3049239 | G93: 5.7947821 | H93: 1.1704939 | I93: 0.063269939 | J93: 0.053965536 | K93: 0.58989914 | L93: 0.15817485 | M93: 0.011165283
B94: 3601000 | C94: or. Drochia | D94: 100 | E94: 85.586212 | F94: 4.6912435 | G94: 6.654301 | H94: 2.2876575 | I94: 0.085014298 | J94: 0.10820002 | K94: 0.2241286 | L94: 0.33232862 | M94: 0.03091429
B95: 3610000 | C95: Antoneuca | D95: 100 | E95: 95.620438 | F95: 3.2846715 | G95: 0.72992701 | H95: 0.3649635 | I95: - | J95: - | K95: - | L95: - | M95: -
B96: 3611000 | C96: Baroncea | D96: 100 | E96: 46.303502 | F96: 0.29182879 | G96: 43.385214 | H96: 8.6575875 | I96: - | J96: 0.097276265 | K96: 1.0700389 | L96: 0.19455253 | M96: -
B97: 3612000 | C97: Chetrosu | D97: 100 | E97: 93.447462 | F97: 3.9846517 | G97: 0.11806375 | H97: 0.26564345 | I97: - | J97: 0.029515939 | K97: 2.0956316 | L97: 0.059031877 | M97: -
B98: 3613000 | C98: Cotova | D98: 100 | E98: 93.333333 | F98: 1.7366947 | G98: 4.4257703 | H98: 0.44817927 | I98: - | J98: - | K98: - | L98: 0.056022409 | M98: -
B99: 3614000 | C99: Dominteni | D99: 100 | E99: 93.825503 | F99: 4.4295302 | G99: 1.2080537 | H99: 0.53691275 | I99: - | J99: - | K99: - | L99: - | M99: -
B100: 3615000 | C100: Drochia | D100: 100 | E100: 97.06499 | F100: 1.572327 | G100: 0.052410901 | H100: 0.1048218 | I100: - | J100: 0.052410901 | K100: 1.1006289 | L100: 0.052410901 | M100: -
B101: 3616000 | C101: Gribova | D101: 100 | E101: 91.624791 | F101: 2.5963149 | G101: 0.67001675 | H101: 1.0887772 | I101: - | J101: 0.083752094 | K101: 3.9363484 | L101: - | M101: -
B102: 3617000 | C102: Fîntînița | D102: 100 | E102: 97.580645 | F102: 1.7473118 | G102: 0.1344086 | H102: 0.40322581 | I102: - | J102: - | K102: - | L102: 0.1344086 | M102: -
...

Sheet 5.8
B1: Cuprins
B3: =Cuprins!B2 -> Recensământul Populației și Locuințelor 2024: CARACTERISTICI ETNO-CULTURALE
B5: 5.8 Populația după prima și a doua etnie declarată la recensământul din 20241,2
X6: persoane
B7: Etnia declarată3 | D7: A doua etnie declarată | Y7: Nu a declarat a doua etnie
D8: Moldovean | E8: Român | F8: Ucrainean | G8: Rus | H8: Găgăuz | I8: Bulgar | J8: Rom / Țigan | K8: Evreu | L8: German / Neamț | M8: Polonez | N8: Belorus | O8: Armean | P8: Azer | Q8: Turc | R8: Tătar | S8: Gruzin / Georgian | T8: Grec | U8: Ceh | V8: Italian | W8: Arab | X8: Alte etnii
B9: A | C9: 1 | D9: 2 | E9: 3 | F9: 4 | G9: 5 | H9: 6 | I9: 7 | J9: 8 | K9: 9 | L9: 10 | M9: 11 | N9: 12 | O9: 13 | P9: 14 | Q9: 15 | R9: 16 | S9: 17 | T9: 18 | U9: 19 | V9: 20 | W9: 21 | X9: 22 | Y9: 23
B10: Total | C10: 2409207 | D10: 33432 | E10: 138513 | F10: 4320 | G10: 8594 | H10: 813 | I10: 1506 | J10: 778 | K10: 266 | L10: 157 | M10: 187 | N10: 128 | O10: 78 | P10: 53 | Q10: 233 | R10: 39 | S10: 32 | T10: 80 | U10: 32 | V10: 577 | W10: 69 | X10: 1177 | Y10: 2218143
B11: Moldovean | C11: 1848670 | D11: - | E11: 137234 | F11: 3020 | G11: 5790 | H11: 389 | I11: 929 | J11: 653 | K11: 123 | L11: 102 | M11: 75 | N11: 83 | O11: 53 | P11: 32 | Q11: 191 | R11: 12 | S11: 23 | T11: 50 | U11: 21 | V11: 490 | W11: 53 | X11: 877 | Y11: 1698470
B12: Român | C12: 193197 | D12: 22608 | E12: - | F12: 222 | G12: 258 | H12: 18 | I12: 60 | J12: 15 | K12: 23 | L12: 23 | M12: 16 | N12: - | O12: 2 | P12: - | Q12: 15 | R12: 2 | S12: 1 | T12: 8 | U12: 3 | V12: 76 | W12: 6 | X12: 182 | Y12: 169659
B13: Ucrainean | C13: 123586 | D13: 4136 | E13: 581 | F13: - | G13: 1006 | H13: 74 | I13: 109 | J13: 95 | K13: 37 | L13: 12 | M13: 39 | N13: 17 | O13: 10 | P13: 14 | Q13: 3 | R13: 5 | S13: - | T13: 7 | U13: 4 | V13: 2 | W13: - | X13: 39 | Y13: 117396
B14: Rus | C14: 81630 | D14: 3877 | E14: 299 | F14: 721 | G14: - | H14: 145 | I14: 119 | J14: 8 | K14: 66 | L14: 16 | M14: 41 | N14: 22 | O14: 8 | P14: 5 | Q14: 8 | R14: 16 | S14: 7 | T14: 7 | U14: 4 | V14: 8 | W14: 3 | X14: 48 | Y14: 76202
B15: Găgăuz | C15: 97205 | D15: 560 | E15: 109 | F15: 70 | G15: 1132 | H15: - | I15: 277 | J15: 5 | K15: 3 | L15: 1 | M15: 2 | N15: 1 | O15: - | P15: 1 | Q15: 15 | R15: - | S15: 1 | T15: 4 | U15: - | V15: - | W15: - | X15: 6 | Y15: 95018
B16: Bulgar | C16: 38236 | D16: 802 | E16: 142 | F16: 90 | G16: 241 | H16: 143 | I16: - | J16: 2 | K16: 5 | L16: - | M16: 5 | N16: 4 | O16: 2 | P16: 1 | Q16: 1 | R16: 1 | S16: - | T16: 1 | U16: - | V16: - | W16: 3 | X16: 6 | Y16: 36787
B17: Rom / Țigan | C17: 9356 | D17: 578 | E17: 39 | F17: 78 | G17: 28 | H17: 10 | I17: 4 | J17: - | K17: 5 | L17: 1 | M17: - | N17: - | O17: 1 | P17: - | Q17: - | R17: - | S17: - | T17: - | U17: - | V17: - | W17: - | X17: 1 | Y17: 8611
B18: Evreu | C18: 1640 | D18: 90 | E18: 15 | F18: 23 | G18: 34 | H18: 1 | I18: - | J18: - | K18: - | L18: - | M18: 3 | N18: - | O18: - | P18: - | Q18: - | R18: - | S18: - | T18: - | U18: - | V18: - | W18: - | X18: 2 | Y18: 1472
B19: German / Neamț | C19: 763 | D19: 48 | E19: 5 | F19: 2 | G19: 14 | H19: 2 | I19: 1 | J19: - | K19: - | L19: - | M19: - | N19: - | O19: - | P19: - | Q19: - | R19: - | S19: - | T19: - | U19: - | V19: - | W19: 1 | X19: 1 | Y19: 689
B20: Polonez | C20: 1184 | D20: 70 | E20: 12 | F20: 30 | G20: 14 | H20: 2 | I20: 1 | J20: - | K20: 2 | L20: - | M20: - | N20: 1 | O20: - | P20: - | Q20: - | R20: 1 | S20: - | T20: - | U20: - | V20: - | W20: - | X20: 4 | Y20: 1047
B21: Belorus | C21: 2143 | D21: 129 | E21: 8 | F21: 16 | G21: 20 | H21: 4 | I21: 2 | J21: - | K21: - | L21: - | M21: 2 | N21: - | O21: 1 | P21: - | Q21: - | R21: - | S21: - | T21: - | U21: - | V21: 1 | W21: - | X21: 2 | Y21: 1958
B22: Armean | C22: 958 | D22: 72 | E22: 5 | F22: 13 | G22: 12 | H22: - | I22: 1 | J22: - | K22: 1 | L22: - | M22: 2 | N22: - | O22: - | P22: - | Q22: - | R22: - | S22: - | T22: 1 | U22: - | V22: - | W22: - | X22: 2 | Y22: 849
B23: Azer | C23: 708 | D23: 51 | E23: 4 | F23: 21 | G23: 7 | H23: 1 | I23: 1 | J23: - | K23: - | L23: - | M23: - | N23: - | O23: - | P23: - | Q23: - | R23: - | S23: - | T23: - | U23: - | V23: - | W23: - | X23: 1 | Y23: 622
B24: Turc | C24: 799 | D24: 77 | E24: 8 | F24: - | G24: 1 | H24: 15 | I24: - | J24: - | K24: - | L24: - | M24: 1 | N24: - | O24: - | P24: - | Q24: - | R24: 1 | S24: - | T24: - | U24: - | V24: - | W24: 1 | X24: 2 | Y24: 693
B25: Tătar | C25: 417 | D25: 25 | E25: - | F25: 3 | G25: 12 | H25: 2 | I25: 2 | J25: - | K25: - | L25: 1 | M25: - | N25: - | O25: - | P25: - | Q25: - | R25: - | S25: - | T25: - | U25: - | V25: - | W25: - | X25: 1 | Y25: 371
B26: Gruzin / Georgian | C26: 277 | D26: 18 | E26: 3 | F26: 1 | G26: 3 | H26: 2 | I26: - | J26: - | K26: - | L26: - | M26: - | N26: - | O26: - | P26: - | Q26: - | R26: - | S26: - | T26: 1 | U26: - | V26: - | W26: - | X26: 1 | Y26: 248
B27: Grec | C27: 237 | D27: 8 | E27: 8 | F27: 1 | G27: 2 | H27: 1 | I27: - | J27: - | K27: - | L27: - | M27: - | N27: - | O27: 1 | P27: - | Q27: - | R27: - | S27: - | T27: - | U27: - | V27: - | W27: - | X27: - | Y27: 216
B28: Ceh | C28: 194 | D28: 9 | E28: 2 | F28: 1 | G28: 1 | H28: - | I28: - | J28: - | K28: - | L28: - | M28: - | N28: - | O28: - | P28: - | Q28: - | R28: - | S28: - | T28: 1 | U28: - | V28: - | W28: - | X28: - | Y28: 180
B29: Italian | C29: 282 | D29: 50 | E29: 5 | F29: - | G29: 2 | H29: - | I29: - | J29: - | K29: - | L29: - | M29: - | N29: - | O29: - | P29: - | Q29: - | R29: - | S29: - | T29: - | U29: - | V29: - | W29: - | X29: 1 | Y29: 224
B30: Arab | C30: 606 | D30: 47 | E30: 2 | F30: - | G30: - | H30: 1 | I30: - | J30: - | K30: 1 | L30: 1 | M30: - | N30: - | O30: - | P30: - | Q30: - | R30: - | S30: - | T30: - | U30: - | V30: - | W30: - | X30: 1 | Y30: 553
B31: Alte etnii | C31: 3671 | D31: 177 | E31: 32 | F31: 8 | G31: 17 | H31: 3 | I31: - | J31: - | K31: - | L31: - | M31: 1 | N31: - | O31: - | P31: - | Q31: - | R31: 1 | S31: - | T31: - | U31: - | V31: - | W31: 2 | X31: - | Y31: 3430
B32: Nu au declarat etnia | C32: 3448 | D32: - | E32: - | F32: - | G32: - | H32: - | I32: - | J32: - | K32: - | L32: - | M32: - | N32: - | O32: - | P32: - | Q32: - | R32: - | S32: - | T32: - | U32: - | V32: - | W32: - | X32: - | Y32: 3448
B33: în % față de total
B34: Total | C34: 100 | D34: =IF(D10="-","-",D10/$C10*100) -> 1.3876765 | E34: =IF(E10="-","-",E10/$C10*100) -> 5.7493192 | F34: =IF(F10="-","-",F10/$C10*100) -> 0.17931211 | G34: =IF(G10="-","-",G10/$C10*100) -> 0.35671489 | H34: =IF(H10="-","-",H10/$C10*100) -> 0.033745544 | I34: =IF(I10="-","-",I10/$C10*100) -> 0.062510195 | J34: =IF(J10="-","-",J10/$C10*100) -> 0.032292783 | K34: =IF(K10="-","-",K10/$C10*100) -> 0.011040977 | ... Y34: =IF(Y10="-","-",Y10/$C10*100) -> 92.069424
B35: Moldovean | C35: 100 | D35: =IF(D11="-","-",D11/$C11*100) -> - | E35: =IF(E11="-","-",E11/$C11*100) -> 7.4233909 | F35: =IF(F11="-","-",F11/$C11*100) -> 0.16336069 | G35: =IF(G11="-","-",G11/$C11*100) -> 0.31319814 | H35: =IF(H11="-","-",H11/$C11*100) -> 0.021042155 | I35: =IF(I11="-","-",I11/$C11*100) -> 0.050252344 | J35: =IF(J11="-","-",J11/$C11*100) -> 0.035322691 | K35: =IF(K11="-","-",K11/$C11*100) -> 0.0066534319 | ... Y35: =IF(Y11="-","-",Y11/$C11*100) -> 91.87524
B36: Român | C36: 100 | D36: =IF(D12="-","-",D12/$C12*100) -> 11.702045 | E36: =IF(E12="-","-",E12/$C12*100) -> - | F36: =IF(F12="-","-",F12/$C12*100) -> 0.11490862 | G36: =IF(G12="-","-",G12/$C12*100) -> 0.13354245 | H36: =IF(H12="-","-",H12/$C12*100) -> 0.0093169149 | I36: =IF(I12="-","-",I12/$C12*100) -> 0.031056383 | J36: =IF(J12="-","-",J12/$C12*100) -> 0.0077640957 | K36: =IF(K12="-","-",K12/$C12*100) -> 0.011904947 | ... Y36: =IF(Y12="-","-",Y12/$C12*100) -> 87.816581
B37: Ucrainean | C37: 100 | D37: =IF(D13="-","-",D13/$C13*100) -> 3.3466574 | E37: =IF(E13="-","-",E13/$C13*100) -> 0.47011797 | F37: =IF(F13="-","-",F13/$C13*100) -> - | G37: =IF(G13="-","-",G13/$C13*100) -> 0.81400806 | H37: =IF(H13="-","-",H13/$C13*100) -> 0.059877332 | I37: =IF(I13="-","-",I13/$C13*100) -> 0.088197692 | J37: =IF(J13="-","-",J13/$C13*100) -> 0.076869548 | K37: =IF(K13="-","-",K13/$C13*100) -> 0.029938666 | ... Y37: =IF(Y13="-","-",Y13/$C13*100) -> 94.991342
B38: Rus | C38: 100 | D38: =IF(D14="-","-",D14/$C14*100) -> 4.7494794 | E38: =IF(E14="-","-",E14/$C14*100) -> 0.3662869 | F38: =IF(F14="-","-",F14/$C14*100) -> 0.88325371 | G38: =IF(G14="-","-",G14/$C14*100) -> - | H38: =IF(H14="-","-",H14/$C14*100) -> 0.17763077 | I38: =IF(I14="-","-",I14/$C14*100) -> 0.14577974 | J38: =IF(J14="-","-",J14/$C14*100) -> 0.0098003185 | K38: =IF(K14="-","-",K14/$C14*100) -> 0.080852628 | ... Y38: =IF(Y14="-","-",Y14/$C14*100) -> 93.350484
B39: Găgăuz | C39: 100 | D39: =IF(D15="-","-",D15/$C15*100) -> 0.57610205 | E39: =IF(E15="-","-",E15/$C15*100) -> 0.11213415 | F39: =IF(F15="-","-",F15/$C15*100) -> 0.072012757 | G39: =IF(G15="-","-",G15/$C15*100) -> 1.1645491 | H39: =IF(H15="-","-",H15/$C15*100) -> - | I39: =IF(I15="-","-",I15/$C15*100) -> 0.28496477 | J39: =IF(J15="-","-",J15/$C15*100) -> 0.0051437683 | K39: =IF(K15="-","-",K15/$C15*100) -> 0.003086261 | ... Y39: =IF(Y15="-","-",Y15/$C15*100) -> 97.750116
B40: Bulgar | C40: 100 | D40: =IF(D16="-","-",D16/$C16*100) -> 2.0974997 | E40: =IF(E16="-","-",E16/$C16*100) -> 0.37137776 | F40: =IF(F16="-","-",F16/$C16*100) -> 0.23538027 | G40: =IF(G16="-","-",G16/$C16*100) -> 0.63029606 | H40: =IF(H16="-","-",H16/$C16*100) -> 0.3739931 | I40: =IF(I16="-","-",I16/$C16*100) -> - | J40: =IF(J16="-","-",J16/$C16*100) -> 0.0052306727 | K40: =IF(K16="-","-",K16/$C16*100) -> 0.013076682 | ... Y40: =IF(Y16="-","-",Y16/$C16*100) -> 96.210378
B41: Rom / Țigan | C41: 100 | D41: =IF(D17="-","-",D17/$C17*100) -> 6.1778538 | E41: =IF(E17="-","-",E17/$C17*100) -> 0.41684481 | F41: =IF(F17="-","-",F17/$C17*100) -> 0.83368961 | G41: =IF(G17="-","-",G17/$C17*100) -> 0.29927319 | H41: =IF(H17="-","-",H17/$C17*100) -> 0.10688328 | I41: =IF(I17="-","-",I17/$C17*100) -> 0.042753313 | J41: =IF(J17="-","-",J17/$C17*100) -> - | K41: =IF(K17="-","-",K17/$C17*100) -> 0.053441642 | ... Y41: =IF(Y17="-","-",Y17/$C17*100) -> 92.037195
B42: Evreu | C42: 100 | D42: =IF(D18="-","-",D18/$C18*100) -> 5.4878049 | E42: =IF(E18="-","-",E18/$C18*100) -> 0.91463415 | F42: =IF(F18="-","-",F18/$C18*100) -> 1.402439 | G42: =IF(G18="-","-",G18/$C18*100) -> 2.0731707 | H42: =IF(H18="-","-",H18/$C18*100) -> 0.06097561 | I42: =IF(I18="-","-",I18/$C18*100) -> - | J42: =IF(J18="-","-",J18/$C18*100) -> - | K42: =IF(K18="-","-",K18/$C18*100) -> - | ... Y42: =IF(Y18="-","-",Y18/$C18*100) -> 89.756098
B43: German / Neamț | C43: 100 | D43: =IF(D19="-","-",D19/$C19*100) -> 6.2909567 | E43: =IF(E19="-","-",E19/$C19*100) -> 0.65530799 | F43: =IF(F19="-","-",F19/$C19*100) -> 0.2621232 | G43: =IF(G19="-","-",G19/$C19*100) -> 1.8348624 | H43: =IF(H19="-","-",H19/$C19*100) -> 0.2621232 | I43: =IF(I19="-","-",I19/$C19*100) -> 0.1310616 | J43: =IF(J19="-","-",J19/$C19*100) -> - | K43: =IF(K19="-","-",K19/$C19*100) -> - | ... Y43: =IF(Y19="-","-",Y19/$C19*100) -> 90.301442
B44: Polonez | C44: 100 | D44: =IF(D20="-","-",D20/$C20*100) -> 5.9121622 | E44: =IF(E20="-","-",E20/$C20*100) -> 1.0135135 | F44: =IF(F20="-","-",F20/$C20*100) -> 2.5337838 | G44: =IF(G20="-","-",G20/$C20*100) -> 1.1824324 | H44: =IF(H20="-","-",H20/$C20*100) -> 0.16891892 | I44: =IF(I20="-","-",I20/$C20*100) -> 0.084459459 | J44: =IF(J20="-","-",J20/$C20*100) -> - | K44: =IF(K20="-","-",K20/$C20*100) -> 0.16891892 | ... Y44: =IF(Y20="-","-",Y20/$C20*100) -> 88.429054
B45: Belorus | C45: 100 | D45: =IF(D21="-","-",D21/$C21*100) -> 6.0195987 | E45: =IF(E21="-","-",E21/$C21*100) -> 0.37330845 | F45: =IF(F21="-","-",F21/$C21*100) -> 0.74661689 | G45: =IF(G21="-","-",G21/$C21*100) -> 0.93327112 | H45: =IF(H21="-","-",H21/$C21*100) -> 0.18665422 | I45: =IF(I21="-","-",I21/$C21*100) -> 0.093327112 | J45: =IF(J21="-","-",J21/$C21*100) -> - | K45: =IF(K21="-","-",K21/$C21*100) -> - | ... Y45: =IF(Y21="-","-",Y21/$C21*100) -> 91.367242
... B56: Nu au declarat etnia | C56: 100 | D56: =IF(D32="-","-",D32/$C32*100) -> - | E56: =IF(E32="-","-",E32/$C32*100) -> - | F56: =IF(F32="-","-",F32/$C32*100) -> - | G56: =IF(G32="-","-",G32/$C32*100) -> - | H56: =IF(H32="-","-",H32/$C32*100) -> - | I56: =IF(I32="-","-",I32/$C32*100) -> - | J56: =IF(J32="-","-",J32/$C32*100) -> - | K56: =IF(K32="-","-",K32/$C32*100) -> - | ... Y56: =IF(Y32="-","-",Y32/$C32*100) -> 100
B58: 1Datele se referă doar la UAT efectiv recenzate și nu includ unitățile administrativ-teritoriale din stânga Nistrului, municipiului Bender (inclusiv satul Proteagailovca), comuna Chițcani (inclusiv satele Merenești și Zahorna), satele Cremenciug și Gîsca din raionul Căușeni, comuna Corjova (inclusiv satul Mahala) din raionul Dubăsari, precum și satul Roghi din cadrul comunei Molovata Nouă, raionul Dubăsari.
B59: ² Datele pentru "Populație" sunt prezentate pentru populația cu reședință obișnuită.
B60: 3Pentru persoanele care nu au declarant a doua etnie, prima etnie declarată este și unica etnie
B61: ”-” = magnitudine zero
B62: ”0,0” = valoare mai mică decât 0,05

Sheet 5.9
B1: Cuprins
B3: =Cuprins!B2 -> Recensământul Populației și Locuințelor 2024: CARACTERISTICI ETNO-CULTURALE
B5: 5.9 Populația după prima și a doua etnie declarată pe regiuni de dezvoltare, la recensământul din 20241,2
N6: persoane și %
B7: Etnia declarată3 | C7: A doua etnie declarată | D7: Total | F7: Municipiul Chisinau | H7: Regiunea Nord | J7: Regiunea Centru | L7: Regiunea Sud | N7: UTA Găgăuzia
D8: persoane | E8: % | F8: persoane | G8: % | H8: persoane | I8: % | J8: persoane | K8: % | L8: persoane | M8: % | N8: persoane | O8: %
B9: A | C9: B | D9: 1 | E9: 2 | F9: 3 | G9: 4 | H9: 5 | I9: 6 | J9: 7 | K9: 8 | L9: 9 | M9: 10 | N9: 11 | O9: 12
B10: Total | D10: 2409207 | E10: 100 | F10: 720128 | G10: 100 | H10: 608651 | I10: 100 | J10: 670088 | K10: 100 | L10: 306672 | M10: 100 | N10: 103668 | O10: 100
B11: Moldovean | C11: Nu a declarat a 2-a etnie | D11: 1698470 | E11: =IF(D11="-", "-", D11/D$10*100) -> 70.499131 | F11: 462407 | G11: =IF(F11="-", "-", F11/F$10*100) -> 64.211779 | H11: 469938 | I11: =IF(H11="-", "-", H11/H$10*100) -> 77.209764 | J11: 538345 | K11: =IF(J11="-", "-", J11/J$10*100) -> 80.339448 | L11: 221482 | M11: =IF(L11="-", "-", L11/L$10*100) -> 72.221135 | N11: 6298 | O11: =IF(N11="-", "-", N11/N$10*100) -> 6.075163
B12: Moldovean | C12: Român | D12: 137234 | E12: =IF(D12="-", "-", D12/D$10*100) -> 5.6962312 | F12: 54285 | G12: =IF(F12="-", "-", F12/F$10*100) -> 7.5382432 | H12: 21669 | I12: =IF(H12="-", "-", H12/H$10*100) -> 3.5601683 | J12: 46021 | K12: =IF(J12="-", "-", J12/J$10*100) -> 6.8679039 | L12: 15231 | M12: =IF(L12="-", "-", L12/L$10*100) -> 4.9665441 | N12: 28 | O12: =IF(N12="-", "-", N12/N$10*100) -> 0.027009299
B13: Moldovean | C13: Ucrainean | D13: 3020 | E13: =IF(D13="-", "-", D13/D$10*100) -> 0.12535245 | F13: 1185 | G13: =IF(F13="-", "-", F13/F$10*100) -> 0.16455408 | H13: 1013 | I13: =IF(H13="-", "-", H13/H$10*100) -> 0.16643364 | J13: 564 | K13: =IF(J13="-", "-", J13/J$10*100) -> 0.08416805 | L13: 245 | M13: =IF(L13="-", "-", L13/L$10*100) -> 0.079889915 | N13: 13 | O13: =IF(N13="-", "-", N13/N$10*100) -> 0.012540032
B14: Moldovean | C14: Rus | D14: 5790 | E14: =IF(D14="-", "-", D14/D$10*100) -> 0.24032804 | F14: 2248 | G14: =IF(F14="-", "-", F14/F$10*100) -> 0.31216673 | H14: 1784 | I14: =IF(H14="-", "-", H14/H$10*100) -> 0.29310722 | J14: 1064 | K14: =IF(J14="-", "-", J14/J$10*100) -> 0.15878511 | L14: 652 | M14: =IF(L14="-", "-", L14/L$10*100) -> 0.212605 | N14: 42 | O14: =IF(N14="-", "-", N14/N$10*100) -> 0.040513948
B15: Moldovean | C15: Găgăuz | D15: 389 | E15: =IF(D15="-", "-", D15/D$10*100) -> 0.016146392 | F15: 159 | G15: =IF(F15="-", "-", F15/F$10*100) -> 0.022079408 | H15: 19 | I15: =IF(H15="-", "-", H15/H$10*100) -> 0.0031216576 | J15: 26 | K15: =IF(J15="-", "-", J15/J$10*100) -> 0.0038800874 | L15: 93 | M15: =IF(L15="-", "-", L15/L$10*100) -> 0.03032556 | N15: 92 | O15: =IF(N15="-", "-", N15/N$10*100) -> 0.088744839
B16: Moldovean | C16: Bulgar | D16: 929 | E16: =IF(D16="-", "-", D16/D$10*100) -> 0.038560406 | F16: 558 | G16: =IF(F16="-", "-", F16/F$10*100) -> 0.077486225 | H16: 29 | I16: =IF(H16="-", "-", H16/H$10*100) -> 0.0047646352 | J16: 80 | K16: =IF(J16="-", "-", J16/J$10*100) -> 0.01193873 | L16: 242 | M16: =IF(L16="-", "-", L16/L$10*100) -> 0.078911671 | N16: 20 | O16: =IF(N16="-", "-", N16/N$10*100) -> 0.019292356
B17: Moldovean | C17: Rom / Țigan | D17: 653 | E17: =IF(D17="-", "-", D17/D$10*100) -> 0.027104354 | F17: 55 | G17: =IF(F17="-", "-", F17/F$10*100) -> 0.0076375311 | H17: 350 | I17: =IF(H17="-", "-", H17/H$10*100) -> 0.057504218 | J17: 221 | K17: =IF(J17="-", "-", J17/J$10*100) -> 0.032980743 | L17: 26 | M17: =IF(L17="-", "-", L17/L$10*100) -> 0.0084781134 | N17: 1 | O17: =IF(N17="-", "-", N17/N$10*100) -> 0.00096461782
B18: Moldovean | C18: Evreu | D18: 123 | E18: =IF(D18="-", "-", D18/D$10*100) -> 0.0051054144 | F18: 74 | G18: =IF(F18="-", "-", F18/F$10*100) -> 0.010275951 | H18: 16 | I18: =IF(H18="-", "-", H18/H$10*100) -> 0.0026287643 | J18: 27 | K18: =IF(J18="-", "-", J18/J$10*100) -> 0.0040293215 | L18: 5 | M18: =IF(L18="-", "-", L18/L$10*100) -> 0.0016304064 | N18: 1 | O18: =IF(N18="-", "-", N18/N$10*100) -> 0.00096461782
B19: Moldovean | C19: German / Neamț | D19: 102 | E19: =IF(D19="-", "-", D19/D$10*100) -> 0.0042337582 | F19: 62 | G19: =IF(F19="-", "-", F19/F$10*100) -> 0.0086095805 | H19: 17 | I19: =IF(H19="-", "-", H19/H$10*100) -> 0.002793062 | J19: 13 | K19: =IF(J19="-", "-", J19/J$10*100) -> 0.0019400437 | L19: 10 | M19: =IF(L19="-", "-", L19/L$10*100) -> 0.0032608129 | N19: - | O19: =IF(N19="-", "-", N19/N$10*100) -> -
B20: Moldovean | C20: Polonez | D20: 75 | E20: =IF(D20="-", "-", D20/D$10*100) -> 0.0031130575 | F20: 40 | G20: =IF(F20="-", "-", F20/F$10*100) -> 0.0055545681 | H20: 24 | I20: =IF(H20="-", "-", H20/H$10*100) -> 0.0039431464 | J20: 7 | K20: =IF(J20="-", "-", J20/J$10*100) -> 0.0010446389 | L20: 4 | M20: =IF(L20="-", "-", L20/L$10*100) -> 0.0013043251 | N20: - | O20: =IF(N20="-", "-", N20/N$10*100) -> -
B21: Moldovean | C21: Belorus | D21: 83 | E21: =IF(D21="-", "-", D21/D$10*100) -> 0.003445117 | F21: 50 | G21: =IF(F21="-", "-", F21/F$10*100) -> 0.0069432101 | H21: 15 | I21: =IF(H21="-", "-", H21/H$10*100) -> 0.0024644665 | J21: 15 | K21: =IF(J21="-", "-", J21/J$10*100) -> 0.002238512 | L21: 2 | M21: =IF(L21="-", "-", L21/L$10*100) -> 0.00065216257 | N21: 1 | O21: =IF(N21="-", "-", N21/N$10*100) -> 0.00096461782
B22: Moldovean | C22: Armean | D22: 53 | E22: =IF(D22="-", "-", D22/D$10*100) -> 0.002199894 | F22: 23 | G22: =IF(F22="-", "-", F22/F$10*100) -> 0.0031938766 | H22: 7 | I22: =IF(H22="-", "-", H22/H$10*100) -> 0.0011500844 | J22: 15 | K22: =IF(J22="-", "-", J22/J$10*100) -> 0.002238512 | L22: 7 | M22: =IF(L22="-", "-", L22/L$10*100) -> 0.002282569 | N22: 1 | O22: =IF(N22="-", "-", N22/N$10*100) -> 0.00096461782
B23: Moldovean | C23: Azer | D23: 32 | E23: =IF(D23="-", "-", D23/D$10*100) -> 0.0013282379 | F23: 17 | G23: =IF(F23="-", "-", F23/F$10*100) -> 0.0023606914 | H23: 8 | I23: =IF(H23="-", "-", H23/H$10*100) -> 0.0013143821 | J23: 7 | K23: =IF(J23="-", "-", J23/J$10*100) -> 0.0010446389 | L23: - | M23: =IF(L23="-", "-", L23/L$10*100) -> - | N23: - | O23: =IF(N23="-", "-", N23/N$10*100) -> -
B24: Moldovean | C24: Turc | D24: 191 | E24: =IF(D24="-", "-", D24/D$10*100) -> 0.0079279199 | F24: 106 | G24: =IF(F24="-", "-", F24/F$10*100) -> 0.014719605 | H24: 23 | I24: =IF(H24="-", "-", H24/H$10*100) -> 0.0037788486 | J24: 46 | K24: =IF(J24="-", "-", J24/J$10*100) -> 0.00686477 | L24: 13 | M24: =IF(L24="-", "-", L24/L$10*100) -> 0.0042390567 | N24: 3 | O24: =IF(N24="-", "-", N24/N$10*100) -> 0.0028938535
B25: Moldovean | C25: Tătar | D25: 12 | E25: =IF(D25="-", "-", D25/D$10*100) -> 0.00049808921 | F25: 7 | G25: =IF(F25="-", "-", F25/F$10*100) -> 0.00097204941 | H25: 2 | I25: =IF(H25="-", "-", H25/H$10*100) -> 0.00032859553 | J25: 2 | K25: =IF(J25="-", "-", J25/J$10*100) -> 0.00029846826 | L25: 1 | M25: =IF(L25="-", "-", L25/L$10*100) -> 0.00032608129 | N25: - | O25: =IF(N25="-", "-", N25/N$10*100) -> -
B26: Moldovean | C26: Gruzin / Georgian | D26: 23 | E26: =IF(D26="-", "-", D26/D$10*100) -> 0.00095467098 | F26: 15 | G26: =IF(F26="-", "-", F26/F$10*100) -> 0.002082963 | H26: 3 | I26: =IF(H26="-", "-", H26/H$10*100) -> 0.0004928933 | J26: 4 | K26: =IF(J26="-", "-", J26/J$10*100) -> 0.00059693652 | L26: 1 | M26: =IF(L26="-", "-", L26/L$10*100) -> 0.00032608129 | N26: - | O26: =IF(N26="-", "-", N26/N$10*100) -> -
B27: Moldovean | C27: Grec | D27: 50 | E27: =IF(D27="-", "-", D27/D$10*100) -> 0.0020753717 | F27: 23 | G27: =IF(F27="-", "-", F27/F$10*100) -> 0.0031938766 | H27: 8 | I27: =IF(H27="-", "-", H27/H$10*100) -> 0.0013143821 | J27: 14 | K27: =IF(J27="-", "-", J27/J$10*100) -> 0.0020892778 | L27: 5 | M27: =IF(L27="-", "-", L27/L$10*100) -> 0.0016304064 | N27: - | O27: =IF(N27="-", "-", N27/N$10*100) -> -
B28: Moldovean | C28: Ceh | D28: 21 | E28: =IF(D28="-", "-", D28/D$10*100) -> 0.00087165611 | F28: 4 | G28: =IF(F28="-", "-", F28/F$10*100) -> 0.00055545681 | H28: 8 | I28: =IF(H28="-", "-", H28/H$10*100) -> 0.0013143821 | J28: 5 | K28: =IF(J28="-", "-", J28/J$10*100) -> 0.00074617065 | L28: 4 | M28: =IF(L28="-", "-", L28/L$10*100) -> 0.0013043251 | N28: - | O28: =IF(N28="-", "-", N28/N$10*100) -> -
B29: Moldovean | C29: Italian | D29: 490 | E29: =IF(D29="-", "-", D29/D$10*100) -> 0.020338643 | F29: 144 | G29: =IF(F29="-", "-", F29/F$10*100) -> 0.019996445 | H29: 60 | I29: =IF(H29="-", "-", H29/H$10*100) -> 0.009857866 | J29: 228 | K29: =IF(J29="-", "-", J29/J$10*100) -> 0.034025382 | L29: 57 | M29: =IF(L29="-", "-", L29/L$10*100) -> 0.018586633 | N29: 1 | O29: =IF(N29="-", "-", N29/N$10*100) -> 0.00096461782
B30: Moldovean | C30: Arab | D30: 53 | E30: =IF(D30="-", "-", D30/D$10*100) -> 0.002199894 | F30: 36 | G30: =IF(F30="-", "-", F30/F$10*100) -> 0.0049991113 | H30: 4 | I30: =IF(H30="-", "-", H30/H$10*100) -> 0.00065719107 | J30: 9 | K30: =IF(J30="-", "-", J30/J$10*100) -> 0.0013431072 | L30: 4 | M30: =IF(L30="-", "-", L30/L$10*100) -> 0.0013043251 | N30: - | O30: =IF(N30="-", "-", N30/N$10*100) -> -
B31: Moldovean | C31: Abhaz | D31: 1 | E31: =IF(D31="-", "-", D31/D$10*100) -> 4.1507434e-05 | F31: 1 | G31: =IF(F31="-", "-", F31/F$10*100) -> 0.0001388642 | H31: - | I31: =IF(H31="-", "-", H31/H$10*100) -> - | J31: - | K31: =IF(J31="-", "-", J31/J$10*100) -> - | L31: - | M31: =IF(L31="-", "-", L31/L$10*100) -> - | N31: - | O31: =IF(N31="-", "-", N31/N$10*100) -> -
B32: Moldovean | C32: Albanez | D32: 6 | E32: =IF(D32="-", "-", D32/D$10*100) -> 0.0002490446 | F32: 4 | G32: =IF(F32="-", "-", F32/F$10*100) -> 0.00055545681 | H32: - | I32: =IF(H32="-", "-", H32/H$10*100) -> - | J32: 2 | K32: =IF(J32="-", "-", J32/J$10*100) -> 0.00029846826 | L32: - | M32: =IF(L32="-", "-", L32/L$10*100) -> - | N32: - | O32: =IF(N32="-", "-", N32/N$10*100) -> -
B33: Moldovean | C33: Altaian | D33: 1 | E33: =IF(D33="-", "-", D33/D$10*100) -> 4.1507434e-05 | F33: - | G33: =IF(F33="-", "-", F33/F$10*100) -> - | H33: 1 | I33: =IF(H33="-", "-", H33/H$10*100) -> 0.00016429777 | J33: - | K33: =IF(J33="-", "-", J33/J$10*100) -> - | L33: - | M33: =IF(L33="-", "-", L33/L$10*100) -> - | N33: - | O33: =IF(N33="-", "-", N33/N$10*100) -> -
B34: Moldovean | C34: American SUA | D34: 118 | E34: =IF(D34="-", "-", D34/D$10*100) -> 0.0048978772 | F34: 63 | G34: =IF(F34="-", "-", F34/F$10*100) -> 0.0087484447 | H34: 25 | I34: =IF(H34="-", "-", H34/H$10*100) -> 0.0041074442 | J34: 21 | K34: =IF(J34="-", "-", J34/J$10*100) -> 0.0031339167 | L34: 9 | M34: =IF(L34="-", "-", L34/L$10*100) -> 0.0029347316 | N34: - | O34: =IF(N34="-", "-", N34/N$10*100) -> -
B35: Moldovean | C35: Asirian | D35: 2 | E35: =IF(D35="-", "-", D35/D$10*100) -> 8.3014868e-05 | F35: 1 | G35: =IF(F35="-", "-", F35/F$10*100) -> 0.0001388642 | H35: - | I35: =IF(H35="-", "-", H35/H$10*100) -> - | J35: 1 | K35: =IF(J35="-", "-", J35/J$10*100) -> 0.00014923413 | L35: - | M35: =IF(L35="-", "-", L35/L$10*100) -> - | N35: - | O35: =IF(N35="-", "-", N35/N$10*100) -> -
B36: Moldovean | C36: Austriac | D36: 3 | E36: =IF(D36="-", "-", D36/D$10*100) -> 0.0001245223 | F36: - | G36: =IF(F36="-", "-", F36/F$10*100) -> - | H36: 1 | I36: =IF(H36="-", "-", H36/H$10*100) -> 0.00016429777 | J36: - | K36: =IF(J36="-", "-", J36/J$10*100) -> - | L36: 2 | M36: =IF(L36="-", "-", L36/L$10*100) -> 0.00065216257 | N36: - | O36: =IF(N36="-", "-", N36/N$10*100) -> -
B37: Moldovean | C37: Avar | D37: 4 | E37: =IF(D37="-", "-", D37/D$10*100) -> 0.00016602974 | F37: 4 | G37: =IF(F37="-", "-", F37/F$10*100) -> 0.00055545681 | H37: - | I37: =IF(H37="-", "-", H37/H$10*100) -> - | J37: - | K37: =IF(J37="-", "-", J37/J$10*100) -> - | L37: - | M37: =IF(L37="-", "-", L37/L$10*100) -> - | N37: - | O37: =IF(N37="-", "-", N37/N$10*100) -> -
B38: Moldovean | C38: Bosniac | D38: 1 | E38: =IF(D38="-", "-", D38/D$10*100) -> 4.1507434e-05 | F38: - | G38: =IF(F38="-", "-", F38/F$10*100) -> - | H38: 1 | I38: =IF(H38="-", "-", H38/H$10*100) -> 0.00016429777 | J38: - | K38: =IF(J38="-", "-", J38/J$10*100) -> - | L38: - | M38: =IF(L38="-", "-", L38/L$10*100) -> - | N38: - | O38: =IF(N38="-", "-", N38/N$10*100) -> -
B39: Moldovean | C39: Bureat | D39: 1 | E39: =IF(D39="-", "-", D39/D$10*100) -> 4.1507434e-05 | F39: 1 | G39: =IF(F39="-", "-", F39/F$10*100) -> 0.0001388642 | H39: - | I39: =IF(H39="-", "-", H39/H$10*100) -> - | J39: - | K39: =IF(J39="-", "-", J39/J$10*100) -> - | L39: - | M39: =IF(L39="-", "-", L39/L$10*100) -> - | N39: - | O39: =IF(N39="-", "-", N39/N$10*100) -> -
B40: Moldovean | C40: Catalan | D40: 1 | E40: =IF(D40="-", "-", D40/D$10*100) -> 4.1507434e-05 | F40: 1 | G40: =IF(F40="-", "-", F40/F$10*100) -> 0.0001388642 | H40: - | I40: =IF(H40="-", "-", H40/H$10*100) -> - | J40: - | K40: =IF(J40="-", "-", J40/J$10*100) -> - | L40: - | M40: =IF(L40="-", "-", L40/L$10*100) -> - | N40: - | O40: =IF(N40="-", "-", N40/N$10*100) -> -
B41: Moldovean | C41: Cecen | D41: 1 | E41: =IF(D41="-", "-", D41/D$10*100) -> 4.1507434e-05 | F41: 1 | G41: =IF(F41="-", "-", F41/F$10*100) -> 0.0001388642 | H41: - | I41: =IF(H41="-", "-", H41/H$10*100) -> - | J41: - | K41: =IF(J41="-", "-", J41/J$10*100) -> - | L41: - | M41: =IF(L41="-", "-", L41/L$10*100) -> - | N41: - | O41: =IF(N41="-", "-", N41/N$10*100) -> -
B42: Moldovean | C42: Chinez | D42: 2 | E42: =IF(D42="-", "-", D42/D$10*100) -> 8.3014868e-05 | F42: 2 | G42: =IF(F42="-", "-", F42/F$10*100) -> 0.0002777284 | H42: - | I42: =IF(H42="-", "-", H42/H$10*100) -> - | J42: - | K42: =IF(J42="-", "-", J42/J$10*100) -> - | L42: - | M42: =IF(L42="-", "-", L42/L$10*100) -> - | N42: - | O42: =IF(N42="-", "-", N42/N$10*100) -> -
B43: Moldovean | C43: Ciuvaș | D43: 1 | E43: =IF(D43="-", "-", D43/D$10*100) -> 4.1507434e-05 | F43: - | G43: =IF(F43="-", "-", F43/F$10*100) -> - | H43: 1 | I43: =IF(H43="-", "-", H43/H$10*100) -> 0.00016429777 | J43: - | K43: =IF(J43="-", "-", J43/J$10*100) -> - | L43: - | M43: =IF(L43="-", "-", L43/L$10*100) -> - | N43: - | O43: =IF(N43="-", "-", N43/N$10*100) -> -
B44: Moldovean | C44: Croat | D44: 2 | E44: =IF(D44="-", "-", D44/D$10*100) -> 8.3014868e-05 | F44: 1 | G44: =IF(F44="-", "-", F44/F$10*100) -> 0.0001388642 | H44: - | I44: =IF(H44="-", "-", H44/H$10*100) -> - | J44: 1 | K44: =IF(J44="-", "-", J44/J$10*100) -> 0.00014923413 | L44: - | M44: =IF(L44="-", "-", L44/L$10*100) -> - | N44: - | O44: =IF(N44="-", "-", N44/N$10*100) -> -
B45: Moldovean | C45: Cubanez | D45: 1 | E45: =IF(D45="-", "-", D45/D$10*100) -> 4.1507434e-05 | F45: 1 | G45: =IF(F45="-", "-", F45/F$10*100) -> 0.0001388642 | H45: - | I45: =IF(H45="-", "-", H45/H$10*100) -> - | J45: - | K45: =IF(J45="-", "-", J45/J$10*100) -> - | L45: - | M45: =IF(L45="-", "-", L45/L$10*100) -> - | N45: - | O45: =IF(N45="-", "-", N45/N$10*100) -> -
B46: Moldovean | C46: Danez | D46: 1 | E46: =IF(D46="-", "-", D46/D$10*100) -> 4.1507434e-05 | F46: - | G46: =IF(F46="-", "-", F46/F$10*100) -> - | H46: - | I46: =IF(H46="-", "-", H46/H$10*100) -> - | J46: 1 | K46: =IF(J46="-", "-", J46/J$10*100) -> 0.00014923413 | L46: - | M46: =IF(L46="-", "-", L46/L$10*100) -> - | N46: - | O46: =IF(N46="-", "-", N46/N$10*100) -> -
B47: Moldovean | C47: Englez | D47: 74 | E47: =IF(D47="-", "-", D47/D$10*100) -> 0.0030715501 | F47: 22 | G47: =IF(F47="-", "-", F47/F$10*100) -> 0.0030550124 | H47: 12 | I47: =IF(H47="-", "-", H47/H$10*100) -> 0.0019715732 | J47: 31 | K47: =IF(J47="-", "-", J47/J$10*100) -> 0.004626258 | L47: 9 | M47: =IF(L47="-", "-", L47/L$10*100) -> 0.0029347316 | N47: - | O47: =IF(N47="-", "-", N47/N$10*100) -> -
B48: Moldovean | C48: Estonian | D48: 6 | E48: =IF(D48="-", "-", D48/D$10*100) -> 0.0002490446 | F48: 4 | G48: =IF(F48="-", "-", F48/F$10*100) -> 0.00055545681 | H48: - | I48: =IF(H48="-", "-", H48/H$10*100) -> - | J48: 1 | K48: =IF(J48="-", "-", J48/J$10*100) -> 0.00014923413 | L48: 1 | M48: =IF(L48="-", "-", L48/L$10*100) -> 0.00032608129 | N48: - | O48: =IF(N48="-", "-", N48/N$10*100) -> -
B49: Moldovean | C49: Evreu din Asia Mijlocie | D49: 4 | E49: =IF(D49="-", "-", D49/D$10*100) -> 0.00016602974 | F49: 2 | G49: =IF(F49="-", "-", F49/F$10*100) -> 0.0002777284 | H49: - | I49: =IF(H49="-", "-", H49/H$10*100) -> - | J49: 2 | K49: =IF(J49="-", "-", J49/J$10*100) -> 0.00029846826 | L49: - | M49: =IF(L49="-", "-", L49/L$10*100) -> - | N49: - | O49: =IF(N49="-", "-", N49/N$10*100) -> -
B50: Moldovean | C50: Evreu din Georgia | D50: 2 | E50: =IF(D50="-", "-", D50/D$10*100) -> 8.3014868e-05 | F50: 1 | G50: =IF(F50="-", "-", F50/F$10*100) -> 0.0001388642 | H50: 1 | I50: =IF(H50="-", "-", H50/H$10*100) -> 0.00016429777 | J50: - | K50: =IF(J50="-", "-", J50/J$10*100) -> - | L50: - | M50: =IF(L50="-", "-", L50/L$10*100) -> - | N50: - | O50: =IF(N50="-", "-", N50/N$10*100) -> -
B51: Moldovean | C51: Finlandez | D51: 1 | E51: =IF(D51="-", "-", D51/D$10*100) -> 4.1507434e-05 | F51: 1 | G51: =IF(F51="-", "-", F51/F$10*100) -> 0.0001388642 | H51: - | I51: =IF(H51="-", "-", H51/H$10*100) -> - | J51: - | K51: =IF(J51="-", "-", J51/J$10*100) -> - | L51: - | M51: =IF(L51="-", "-", L51/L$10*100) -> - | N51: - | O51: =IF(N51="-", "-", N51/N$10*100) -> -
B52: Moldovean | C52: Flamand | D52: 3 | E52: =IF(D52="-", "-", D52/D$10*100) -> 0.0001245223 | F52: 1 | G52: =IF(F52="-", "-", F52/F$10*100) -> 0.0001388642 | H52: - | I52: =IF(H52="-", "-", H52/H$10*100) -> - | J52: 2 | K52: =IF(J52="-", "-", J52/J$10*100) -> 0.00029846826 | L52: - | M52: =IF(L52="-", "-", L52/L$10*100) -> - | N52: - | O52: =IF(N52="-", "-", N52/N$10*100) -> -
B53: Moldovean | C53: Francez | D53: 52 | E53: =IF(D53="-", "-", D53/D$10*100) -> 0.0021583866 | F53: 18 | G53: =IF(F53="-", "-", F53/F$10*100) -> 0.0024995556 | H53: 18 | I53: =IF(H53="-", "-", H53/H$10*100) -> 0.0029573598 | J53: 12 | K53: =IF(J53="-", "-", J53/J$10*100) -> 0.0017908096 | L53: 4 | M53: =IF(L53="-", "-", L53/L$10*100) -> 0.0013043251 | N53: - | O53: =IF(N53="-", "-", N53/N$10*100) -> -
B54: Moldovean | C54: Irlandez | D54: 36 | E54: =IF(D54="-", "-", D54/D$10*100) -> 0.0014942676 | F54: 15 | G54: =IF(F54="-", "-", F54/F$10*100) -> 0.002082963 | H54: 3 | I54: =IF(H54="-", "-", H54/H$10*100) -> 0.0004928933 | J54: 15 | K54: =IF(J54="-", "-", J54/J$10*100) -> 0.002238512 | L54: 3 | M54: =IF(L54="-", "-", L54/L$10*100) -> 0.00097824386 | N54: - | O54: =IF(N54="-", "-", N54/N$10*100) -> -
B55: Moldovean | C55: Islandez | D55: 1 | E55: =IF(D55="-", "-", D55/D$10*100) -> 4.1507434e-05 | F55: 1 | G55: =IF(F55="-", "-", F55/F$10*100) -> 0.0001388642 | H55: - | I55: =IF(H55="-", "-", H55/H$10*100) -> - | J55: - | K55: =IF(J55="-", "-", J55/J$10*100) -> - | L55: - | M55: =IF(L55="-", "-", L55/L$10*100) -> - | N55: - | O55: =IF(N55="-", "-", N55/N$10*100) -> -
B56: Moldovean | C56: Japonez | D56: 3 | E56: =IF(D56="-", "-", D56/D$10*100) -> 0.0001245223 | F56: 1 | G56: =IF(F56="-", "-", F56/F$10*100) -> 0.0001388642 | H56: - | I56: =IF(H56="-", "-", H56/H$10*100) -> - | J56: 2 | K56: =IF(J56="-", "-", J56/J$10*100) -> 0.00029846826 | L56: - | M56: =IF(L56="-", "-", L56/L$10*100) -> - | N56: - | O56: =IF(N56="-", "-", N56/N$10*100) -> -
B57: Moldovean | C57: Kazah | D57: 6 | E57: =IF(D57="-", "-", D57/D$10*100) -> 0.0002490446 | F57: 3 | G57: =IF(F57="-", "-", F57/F$10*100) -> 0.00041659261 | H57: 3 | I57: =IF(H57="-", "-", H57/H$10*100) -> 0.0004928933 | J57: - | K57: =IF(J57="-", "-", J57/J$10*100) -> - | L57: - | M57: =IF(L57="-", "-", L57/L$10*100) -> - | N57: - | O57: =IF(N57="-", "-", N57/N$10*100) -> -
B58: Moldovean | C58: Kîrgîz | D58: 4 | E58: =IF(D58="-", "-", D58/D$10*100) -> 0.00016602974 | F58: 1 | G58: =IF(F58="-", "-", F58/F$10*100) -> 0.0001388642 | H58: - | I58: =IF(H58="-", "-", H58/H$10*100) -> - | J58: 3 | K58: =IF(J58="-", "-", J58/J$10*100) -> 0.00044770239 | L58: - | M58: =IF(L58="-", "-", L58/L$10*100) -> - | N58: - | O58: =IF(N58="-", "-", N58/N$10*100) -> -
B59: Moldovean | C59: Kurd | D59: 1 | E59: =IF(D59="-", "-", D59/D$10*100) -> 4.1507434e-05 | F59: 1 | G59: =IF(F59="-", "-", F59/F$10*100) -> 0.0001388642 | H59: - | I59: =IF(H59="-", "-", H59/H$10*100) -> - | J59: - | K59: =IF(J59="-", "-", J59/J$10*100) -> - | L59: - | M59: =IF(L59="-", "-", L59/L$10*100) -> - | N59: - | O59: =IF(N59="-", "-", N59/N$10*100) -> -
B60: Moldovean | C60: Leton | D60: 5 | E60: =IF(D60="-", "-", D60/D$10*100) -> 0.00020753717 | F60: 1 | G60: =IF(F60="-", "-", F60/F$10*100) -> 0.0001388642 | H60: 4 | I60: =IF(H60="-", "-", H60/H$10*100) -> 0.00065719107 | J60: - | K60: =IF(J60="-", "-", J60/J$10*100) -> - | L60: - | M60: =IF(L60="-", "-", L60/L$10*100) -> - | N60: - | O60: =IF(N60="-", "-", N60/N$10*100) -> -
B61: Moldovean | C61: Lituanian | D61: 16 | E61: =IF(D61="-", "-", D61/D$10*100) -> 0.00066411894 | F61: 7 | G61: =IF(F61="-", "-", F61/F$10*100) -> 0.00097204941 | H61: 3 | I61: =IF(H61="-", "-", H61/H$10*100) -> 0.0004928933 | J61: 3 | K61: =IF(J61="-", "-", J61/J$10*100) -> 0.00044770239 | L61: 3 | M61: =IF(L61="-", "-", L61/L$10*100) -> 0.00097824386 | N61: - | O61: =IF(N61="-", "-", N61/N$10*100) -> -
B62: Moldovean | C62: Mordvin | D62: 1 | E62: =IF(D62="-", "-", D62/D$10*100) -> 4.1507434e-05 | F62: 1 | G62: =IF(F62="-", "-", F62/F$10*100) -> 0.0001388642 | H62: - | I62: =IF(H62="-", "-", H62/H$10*100) -> - | J62: - | K62: =IF(J62="-", "-", J62/J$10*100) -> - | L62: - | M62: =IF(L62="-", "-", L62/L$10*100) -> - | N62: - | O62: =IF(N62="-", "-", N62/N$10*100) -> -
B63: Moldovean | C63: Norvegian | D63: 2 | E63: =IF(D63="-", "-", D63/D$10*100) -> 8.3014868e-05 | F63: 2 | G63: =IF(F63="-", "-", F63/F$10*100) -> 0.0002777284 | H63: - | I63: =IF(H63="-", "-", H63/H$10*100) -> - | J63: - | K63: =IF(J63="-", "-", J63/J$10*100) -> - | L63: - | M63: =IF(L63="-", "-", L63/L$10*100) -> - | N63: - | O63: =IF(N63="-", "-", N63/N$10*100) -> -
B64: Moldovean | C64: Olandez | D64: 4 | E64: =IF(D64="-", "-", D64/D$10*100) -> 0.00016602974 | F64: 4 | G64: =IF(F64="-", "-", F64/F$10*100) -> 0.00055545681 | H64: - | I64: =IF(H64="-", "-", H64/H$10*100) -> - | J64: - | K64: =IF(J64="-", "-", J64/J$10*100) -> - | L64: - | M64: =IF(L64="-", "-", L64/L$10*100) -> - | N64: - | O64: =IF(N64="-", "-", N64/N$10*100) -> -
B65: Moldovean | C65: Osetin | D65: 1 | E65: =IF(D65="-", "-", D65/D$10*100) -> 4.1507434e-05 | F65: 1 | G65: =IF(F65="-", "-", F65/F$10*100) -> 0.0001388642 | H65: - | I65: =IF(H65="-", "-", H65/H$10*100) -> - | J65: - | K65: =IF(J65="-", "-", J65/J$10*100) -> - | L65: - | M65: =IF(L65="-", "-", L65/L$10*100) -> - | N65: - | O65: =IF(N65="-", "-", N65/N$10*100) -> -
B66: Moldovean | C66: Persan | D66: 1 | E66: =IF(D66="-", "-", D66/D$10*100) -> 4.1507434e-05 | F66: - | G66: =IF(F66="-", "-", F66/F$10*100) -> - | H66: 1 | I66: =IF(H66="-", "-", H66/H$10*100) -> 0.00016429777 | J66: - | K66: =IF(J66="-", "-", J66/J$10*100) -> - | L66: - | M66: =IF(L66="-", "-", L66/L$10*100) -> - | N66: - | O66: =IF(N66="-", "-", N66/N$10*100) -> -
B67: Moldovean | C67: Portughez | D67: 415 | E67: =IF(D67="-", "-", D67/D$10*100) -> 0.017225585 | F67: 123 | G67: =IF(F67="-", "-", F67/F$10*100) -> 0.017080297 | H67: 62 | I67: =IF(H67="-", "-", H67/H$10*100) -> 0.010186462 | J67: 191 | K67: =IF(J67="-", "-", J67/J$10*100) -> 0.028503719 | L67: 39 | M67: =IF(L67="-", "-", L67/L$10*100) -> 0.01271717 | N67: - | O67: =IF(N67="-", "-", N67/N$10*100) -> -
B68: Moldovean | C68: Sîrb | D68: 2 | E68: =IF(D68="-", "-", D68/D$10*100) -> 8.3014868e-05 | F68: 2 | G68: =IF(F68="-", "-", F68/F$10*100) -> 0.0002777284 | H68: - | I68: =IF(H68="-", "-", H68/H$10*100) -> - | J68: - | K68: =IF(J68="-", "-", J68/J$10*100) -> - | L68: - | M68: =IF(L68="-", "-", L68/L$10*100) -> - | N68: - | O68: =IF(N68="-", "-", N68/N$10*100) -> -
B69: Moldovean | C69: Slovak | D69: 1 | E69: =IF(D69="-", "-", D69/D$10*100) -> 4.1507434e-05 | F69: - | G69: =IF(F69="-", "-", F69/F$10*100) -> - | H69: 1 | I69: =IF(H69="-", "-", H69/H$10*100) -> 0.00016429777 | J69: - | K69: =IF(J69="-", "-", J69/J$10*100) -> - | L69: - | M69: =IF(L69="-", "-", L69/L$10*100) -> - | N69: - | O69: =IF(N69="-", "-", N69/N$10*100) -> -
B70: Moldovean | C70: Spaniol | D70: 26 | E70: =IF(D70="-", "-", D70/D$10*100) -> 0.0010791933 | F70: 12 | G70: =IF(F70="-", "-", F70/F$10*100) -> 0.0016663704 | H70: 4 | I70: =IF(H70="-", "-", H70/H$10*100) -> 0.00065719107 | J70: 7 | K70: =IF(J70="-", "-", J70/J$10*100) -> 0.0010446389 | L70: 3 | M70: =IF(L70="-", "-", L70/L$10*100) -> 0.00097824386 | N70: - | O70: =IF(N70="-", "-", N70/N$10*100) -> -
B71: Moldovean | C71: Suedez | D71: 4 | E71: =IF(D71="-", "-", D71/D$10*100) -> 0.00016602974 | F71: 2 | G71: =IF(F71="-", "-", F71/F$10*100) -> 0.0002777284 | H71: - | I71: =IF(H71="-", "-", H71/H$10*100) -> - | J71: 2 | K71: =IF(J71="-", "-", J71/J$10*100) -> 0.00029846826 | L71: - | M71: =IF(L71="-", "-", L71/L$10*100) -> - | N71: - | O71: =IF(N71="-", "-", N71/N$10*100) -> -
B72: Moldovean | C72: Tadjik | D72: 3 | E72: =IF(D72="-", "-", D72/D$10*100) -> 0.0001245223 | F72: 1 | G72: =IF(F72="-", "-", F72/F$10*100) -> 0.0001388642 | H72: 1 | I72: =IF(H72="-", "-", H72/H$10*100) -> 0.00016429777 | J72: 1 | K72: =IF(J72="-", "-", J72/J$10*100) -> 0.00014923413 | L72: - | M72: =IF(L72="-", "-", L72/L$10*100) -> - | N72: - | O72: =IF(N72="-", "-", N72/N$10*100) -> -
B73: Moldovean | C73: Tătar din Crimeea | D73: 1 | E73: =IF(D73="-", "-", D73/D$10*100) -> 4.1507434e-05 | F73: 1 | G73: =IF(F73="-", "-", F73/F$10*100) -> 0.0001388642 | H73: - | I73: =IF(H73="-", "-", H73/H$10*100) -> - | J73: - | K73: =IF(J73="-", "-", J73/J$10*100) -> - | L73: - | M73: =IF(L73="-", "-", L73/L$10*100) -> - | N73: - | O73: =IF(N73="-", "-", N73/N$10*100) -> -
B74: Moldovean | C74: Turkmen | D74: 4 | E74: =IF(D74="-", "-", D74/D$10*100) -> 0.00016602974 | F74: 1 | G74: =IF(F74="-", "-", F74/F$10*100) -> 0.0001388642 | H74: 1 | I74: =IF(H74="-", "-", H74/H$10*100) -> 0.00016429777 | J74: 2 | K74: =IF(J74="-", "-", J74/J$10*100) -> 0.00029846826 | L74: - | M74: =IF(L74="-", "-", L74/L$10*100) -> - | N74: - | O74: =IF(N74="-", "-", N74/N$10*100) -> -
B75: Moldovean | C75: Udmurt | D75: 1 | E75: =IF(D75="-", "-", D75/D$10*100) -> 4.1507434e-05 | F75: 1 | G75: =IF(F75="-", "-", F75/F$10*100) -> 0.0001388642 | H75: - | I75: =IF(H75="-", "-", H75/H$10*100) -> - | J75: - | K75: =IF(J75="-", "-", J75/J$10*100) -> - | L75: - | M75: =IF(L75="-", "-", L75/L$10*100) -> - | N75: - | O75: =IF(N75="-", "-", N75/N$10*100) -> -
B76: Moldovean | C76: Ungur / Maghiar | D76: 4 | E76: =IF(D76="-", "-", D76/D$10*100) -> 0.00016602974 | F76: 3 | G76: =IF(F76="-", "-", F76/F$10*100) -> 0.00041659261 | H76: - | I76: =IF(H76="-", "-", H76/H$10*100) -> - | J76: 1 | K76: =IF(J76="-", "-", J76/J$10*100) -> 0.00014923413 | L76: - | M76: =IF(L76="-", "-", L76/L$10*100) -> - | N76: - | O76: =IF(N76="-", "-", N76/N$10*100) -> -
B77: Moldovean | C77: Uzbek | D77: 13 | E77: =IF(D77="-", "-", D77/D$10*100) -> 0.00053959664 | F77: 4 | G77: =IF(F77="-", "-", F77/F$10*100) -> 0.00055545681 | H77: 2 | I77: =IF(H77="-", "-", H77/H$10*100) -> 0.00032859553 | J77: 5 | K77: =IF(J77="-", "-", J77/J$10*100) -> 0.00074617065 | L77: 2 | M77: =IF(L77="-", "-", L77/L$10*100) -> 0.00065216257 | N77: - | O77: =IF(N77="-", "-", N77/N$10*100) -> -
B78: Moldovean | C78: Etniе din Asia de Sud | D78: 5 | E78: =IF(D78="-", "-", D78/D$10*100) -> 0.00020753717 | F78: 4 | G78: =IF(F78="-", "-", F78/F$10*100) -> 0.00055545681 | H78: - | I78: =IF(H78="-", "-", H78/H$10*100) -> - | J78: 1 | K78: =IF(J78="-", "-", J78/J$10*100) -> 0.00014923413 | L78: - | M78: =IF(L78="-", "-", L78/L$10*100) -> - | N78: - | O78: =IF(N78="-", "-", N78/N$10*100) -> -
B79: Moldovean | C79: Etniе din America Latină | D79: 2 | E79: =IF(D79="-", "-", D79/D$10*100) -> 8.3014868e-05 | F79: 1 | G79: =IF(F79="-", "-", F79/F$10*100) -> 0.0001388642 | H79: 1 | I79: =IF(H79="-", "-", H79/H$10*100) -> 0.00016429777 | J79: - | K79: =IF(J79="-", "-", J79/J$10*100) -> - | L79: - | M79: =IF(L79="-", "-", L79/L$10*100) -> - | N79: - | O79: =IF(N79="-", "-", N79/N$10*100) -> -
B80: Moldovean | C80: Etniе din Africa subsahariană | D80: 5 | E80: =IF(D80="-", "-", D80/D$10*100) -> 0.00020753717 | F80: 5 | G80: =IF(F80="-", "-", F80/F$10*100) -> 0.00069432101 | H80: - | I80: =IF(H80="-", "-", H80/H$10*100) -> - | J80: - | K80: =IF(J80="-", "-", J80/J$10*100) -> - | L80: - | M80: =IF(L80="-", "-", L80/L$10*100) -> - | N80: - | O80: =IF(N80="-", "-", N80/N$10*100) -> -
B81: Moldovean | C81: Altă etnie (naționalitate) | D81: 22 | E81: =IF(D81="-", "-", D81/D$10*100) -> 0.00091316354 | F81: 12 | G81: =IF(F81="-", "-", F81/F$10*100) -> 0.0016663704 | H81: 2 | I81: =IF(H81="-", "-", H81/H$10*100) -> 0.00032859553 | J81: 7 | K81: =IF(J81="-", "-", J81/J$10*100) -> 0.0010446389 | L81: 1 | M81: =IF(L81="-", "-", L81/L$10*100) -> 0.00032608129 | N81: - | O81: =IF(N81="-", "-", N81/N$10*100) -> -
B82: Român | C82: Nu a declarat a 2-a etnie | D82: 169659 | E82: =IF(D82="-", "-", D82/D$10*100) -> 7.0421097 | F82: 81447 | G82: =IF(F82="-", "-", F82/F$10*100) -> 11.310073 | H82: 20220 | I82: =IF(H82="-", "-", H82/H$10*100) -> 3.3221008 | J82: 51140 | K82: =IF(J82="-", "-", J82/J$10*100) -> 7.6318334 | L82: 16797 | M82: =IF(L82="-", "-", L82/L$10*100) -> 5.4771874 | N82: 55 | O82: =IF(N82="-", "-", N82/N$10*100) -> 0.05305398
B83: Român | C83: Moldovean | D83: 22608 | E83: =IF(D83="-", "-", D83/D$10*100) -> 0.93840006 | F83: 11025 | G83: =IF(F83="-", "-", F83/F$10*100) -> 1.5309778 | H83: 2883 | I83: =IF(H83="-", "-", H83/H$10*100) -> 0.47367046 | J83: 6710 | K83: =IF(J83="-", "-", J83/J$10*100) -> 1.001361 | L83: 1984 | M83: =IF(L83="-", "-", L83/L$10*100) -> 0.64694527 | N83: 6 | O83: =IF(N83="-", "-", N83/N$10*100) -> 0.0057877069
B84: Român | C84: Ucrainean | D84: 222 | E84: =IF(D84="-", "-", D84/D$10*100) -> 0.0092146503 | F84: 127 | G84: =IF(F84="-", "-", F84/F$10*100) -> 0.017635754 | H84: 34 | I84: =IF(H84="-", "-", H84/H$10*100) -> 0.0055861241 | J84: 50 | K84: =IF(J84="-", "-", J84/J$10*100) -> 0.0074617065 | L84: 11 | M84: =IF(L84="-", "-", L84/L$10*100) -> 0.0035868941 | N84: - | O84: =IF(N84="-", "-", N84/N$10*100) -> -
B85: Român | C85: Rus | D85: 258 | E85: =IF(D85="-", "-", D85/D$10*100) -> 0.010708918 | F85: 152 | G85: =IF(F85="-", "-", F85/F$10*100) -> 0.021107359 | H85: 39 | I85: =IF(H85="-", "-", H85/H$10*100) -> 0.0064076129 | J85: 41 | K85: =IF(J85="-", "-", J85/J$10*100) -> 0.0061185993 | L85: 26 | M85: =IF(L85="-", "-", L85/L$10*100) -> 0.0084781134 | N85: - | O85: =IF(N85="-", "-", N85/N$10*100) -> -
B86: Român | C86: Găgăuz | D86: 18 | E86: =IF(D86="-", "-", D86/D$10*100) -> 0.00074713381 | F86: 13 | G86: =IF(F86="-", "-", F86/F$10*100) -> 0.0018052346 | H86: - | I86: =IF(H86="-", "-", H86/H$10*100) -> - | J86: 2 | K86: =IF(J86="-", "-", J86/J$10*100) -> 0.00029846826 | L86: 2 | M86: =IF(L86="-", "-", L86/L$10*100) -> 0.00065216257 | N86: 1 | O86: =IF(N86="-", "-", N86/N$10*100) -> 0.00096461782
B87: Român | C87: Bulgar | D87: 60 | E87: =IF(D87="-", "-", D87/D$10*100) -> 0.002490446 | F87: 43 | G87: =IF(F87="-", "-", F87/F$10*100) -> 0.0059711607 | H87: 2 | I87: =IF(H87="-", "-", H87/H$10*100) -> 0.00032859553 | J87: 8 | K87: =IF(J87="-", "-", J87/J$10*100) -> 0.001193873 | L87: 6 | M87: =IF(L87="-", "-", L87/L$10*100) -> 0.0019564877 | N87: 1 | O87: =IF(N87="-", "-", N87/N$10*100) -> 0.00096461782
B88: Român | C88: Rom / Țigan | D88: 15 | E88: =IF(D88="-", "-", D88/D$10*100) -> 0.00062261151 | F88: 1 | G88: =IF(F88="-", "-", F88/F$10*100) -> 0.0001388642 | H88: 4 | I88: =IF(H88="-", "-", H88/H$10*100) -> 0.00065719107 | J88: 9 | K88: =IF(J88="-", "-", J88/J$10*100) -> 0.0013431072 | L88: 1 | M88: =IF(L88="-", "-", L88/L$10*100) -> 0.00032608129 | N88: - | O88: =IF(N88="-", "-", N88/N$10*100) -> -
B89: Român | C89: Evreu | D89: 23 | E89: =IF(D89="-", "-", D89/D$10*100) -> 0.00095467098 | F89: 14 | G89: =IF(F89="-", "-", F89/F$10*100) -> 0.0019440988 | H89: 5 | I89: =IF(H89="-", "-", H89/H$10*100) -> 0.00082148883 | J89: 4 | K89: =IF(J89="-", "-", J89/J$10*100) -> 0.00059693652 | L89: - | M89: =IF(L89="-", "-", L89/L$10*100) -> - | N89: - | O89: =IF(N89="-", "-", N89/N$10*100) -> -
B90: Român | C90: German / Neamț | D90: 23 | E90: =IF(D90="-", "-", D90/D$10*100) -> 0.00095467098 | F90: 12 | G90: =IF(F90="-", "-", F90/F$10*100) -> 0.0016663704 | H90: 3 | I90: =IF(H90="-", "-", H90/H$10*100) -> 0.0004928933 | J90: 7 | K90: =IF(J90="-", "-", J90/J$10*100) -> 0.0010446389 | L90: 1 | M90: =IF(L90="-", "-", L90/L$10*100) -> 0.00032608129 | N90: - | O90: =IF(N90="-", "-", N90/N$10*100) -> -
B91: Român | C91: Polonez | D91: 16 | E91: =IF(D91="-", "-", D91/D$10*100) -> 0.00066411894 | F91: 8 | G91: =IF(F91="-", "-", F91/F$10*100) -> 0.0011109136 | H91: 2 | I91: =IF(H91="-", "-", H91/H$10*100) -> 0.00032859553 | J91: 4 | K91: =IF(J91="-", "-", J91/J$10*100) -> 0.00059693652 | L91: 2 | M91: =IF(L91="-", "-", L91/L$10*100) -> 0.00065216257 | N91: - | O91: =IF(N91="-", "-", N91/N$10*100) -> -
B92: Român | C92: Armean | D92: 2 | E92: =IF(D92="-", "-", D92/D$10*100) -> 8.3014868e-05 | F92: 2 | G92: =IF(F92="-", "-", F92/F$10*100) -> 0.0002777284 | H92: - | I92: =IF(H92="-", "-", H92/H$10*100) -> - | J92: - | K92: =IF(J92="-", "-", J92/J$10*100) -> - | L92: - | M92: =IF(L92="-", "-", L92/L$10*100) -> - | N92: - | O92: =IF(N92="-", "-", N92/N$10*100) -> -
B93: Român | C93: Turc | D93: 15 | E93: =IF(D93="-", "-", D93/D$10*100) -> 0.00062261151 | F93: 11 | G93: =IF(F93="-", "-", F93/F$10*100) -> 0.0015275062 | H93: 2 | I93: =IF(H93="-", "-", H93/H$10*100) -> 0.00032859553 | J93: 1 | K93: =IF(J93="-", "-", J93/J$10*100) -> 0.00014923413 | L93: 1 | M93: =IF(L93="-", "-", L93/L$10*100) -> 0.00032608129 | N93: - | O93: =IF(N93="-", "-", N93/N$10*100) -> -
B94: Român | C94: Tătar | D94: 2 | E94: =IF(D94="-", "-", D94/D$10*100) -> 8.3014868e-05 | F94: 2 | G94: =IF(F94="-", "-", F94/F$10*100) -> 0.0002777284 | H94: - | I94: =IF(H94="-", "-", H94/H$10*100) -> - | J94: - | K94: =IF(J94="-", "-", J94/J$10*100) -> - | L94: - | M94: =IF(L94="-", "-", L94/L$10*100) -> - | N94: - | O94: =IF(N94="-", "-", N94/N$10*100) -> -
B95: Român | C95: Gruzin / Georgian | D95: 1 | E95: =IF(D95="-", "-", D95/D$10*100) -> 4.1507434e-05 | F95: - | G95: =IF(F95="-", "-", F95/F$10*100) -> - | H95: - | I95: =IF(H95="-", "-", H95/H$10*100) -> - | J95: 1 | K95: =IF(J95="-", "-", J95/J$10*100) -> 0.00014923413 | L95: - | M95: =IF(L95="-", "-", L95/L$10*100) -> - | N95: - | O95: =IF(N95="-", "-", N95/N$10*100) -> -
B96: Român | C96: Grec | D96: 8 | E96: =IF(D96="-", "-", D96/D$10*100) -> 0.00033205947 | F96: 6 | G96: =IF(F96="-", "-", F96/F$10*100) -> 0.00083318521 | H96: 1 | I96: =IF(H96="-", "-", H96/H$10*100) -> 0.00016429777 | J96: 1 | K96: =IF(J96="-", "-", J96/J$10*100) -> 0.00014923413 | L96: - | M96: =IF(L96="-", "-", L96/L$10*100) -> - | N96: - | O96: =IF(N96="-", "-", N96/N$10*100) -> -
B97: Român | C97: Ceh | D97: 3 | E97: =IF(D97="-", "-", D97/D$10*100) -> 0.0001245223 | F97: - | G97: =IF(F97="-", "-", F97/F$10*100) -> - | H97: - | I97: =IF(H97="-", "-", H97/H$10*100) -> - | J97: 3 | K97: =IF(J97="-", "-", J97/J$10*100) -> 0.00044770239 | L97: - | M97: =IF(L97="-", "-", L97/L$10*100) -> - | N97: - | O97: =IF(N97="-", "-", N97/N$10*100) -> -
B98: Român | C98: Italian | D98: 76 | E98: =IF(D98="-", "-", D98/D$10*100) -> 0.003154565 | F98: 40 | G98: =IF(F98="-", "-", F98/F$10*100) -> 0.0055545681 | H98: 7 | I98: =IF(H98="-", "-", H98/H$10*100) -> 0.0011500844 | J98: 17 | K98: =IF(J98="-", "-", J98/J$10*100) -> 0.0025369802 | L98: 12 | M98: =IF(L98="-", "-", L98/L$10*100) -> 0.0039129754 | N98: - | O98: =IF(N98="-", "-", N98/N$10*100) -> -
B99: Român | C99: Arab | D99: 6 | E99: =IF(D99="-", "-", D99/D$10*100) -> 0.0002490446 | F99: 3 | G99: =IF(F99="-", "-", F99/F$10*100) -> 0.00041659261 | H99: - | I99: =IF(H99="-", "-", H99/H$10*100) -> - | J99: 3 | K99: =IF(J99="-", "-", J99/J$10*100) -> 0.00044770239 | L99: - | M99: =IF(L99="-", "-", L99/L$10*100) -> - | N99: - | O99: =IF(N99="-", "-", N99/N$10*100) -> -
B100: Român | C100: American SUA | D100: 36 | E100: =IF(D100="-", "-", D100/D$10*100) -> 0.0014942676 | F100: 21 | G100: =IF(F100="-", "-", F100/F$10*100) -> 0.0029161482 | H100: 2 | I100: =IF(H100="-", "-", H100/H$10*100) -> 0.00032859553 | J100: 8 | K100: =IF(J100="-", "-", J100/J$10*100) -> 0.001193873 | L100: 5 | M100: =IF(L100="-", "-", L100/L$10*100) -> 0.0016304064 | N100: - | O100: =IF(N100="-", "-", N100/N$10*100) -> -
B101: Român | C101: Austriac | D101: 1 | E101: =IF(D101="-", "-", D101/D$10*100) -> 4.1507434e-05 | F101: - | G101: =IF(F101="-", "-", F101/F$10*100) -> - | H101: - | I101: =IF(H101="-", "-", H101/H$10*100) -> - | J101: 1 | K101: =IF(J101="-", "-", J101/J$10*100) -> 0.00014923413 | L101: - | M101: =IF(L101="-", "-", L101/L$10*100) -> - | N101: - | O101: =IF(N101="-", "-", N101/N$10*100) -> -
B102: Român | C102: Bosniac | D102: 2 | E102: =IF(D102="-", "-", D102/D$10*100) -> 8.3014868e-05 | F102: 2 | G102: =IF(F102="-", "-", F102/F$10*100) -> 0.0002777284 | H102: - | I102: =IF(H102="-", "-", H102/H$10*100) -> - | J102: - | K102: =IF(J102="-", "-", J102/J$10*100) -> - | L102: - | M102: =IF(L102="-", "-", L102/L$10*100) -> - | N102: - | O102: =IF(N102="-", "-", N102/N$10*100) -> -
...

Sheet 5.10
B1: Cuprins
B3: =Cuprins!B2 -> Recensământul Populației și Locuințelor 2024: CARACTERISTICI ETNO-CULTURALE
B5: 5.10 Populația după limba maternă, pe medii de reședință, la recensămintele din 2024 și 20141,2
B7: Limba maternă declarată3 | C7: 2024 | F7: 2014
C8: persoane | D8: în % față de total populație | E8: în % față de cei care au declarat limba maternă | F8: persoane | G8: în % față de total populație | H8: în % față de cei care au declarat limba maternă
B9: A | C9: 1 | D9: 2 | E9: 3 | F9: 4 | G9: 5 | H9: 6
B10: Total
B11: Total | C11: 2409207 | D11: 100 | E11: x | F11: 2595771 | G11: 100 | H11: x
B12: Moldovenească sau Română | C12: =C13+C14 -> 1925695 | D12: =D13+D14 -> 79.930658 | E12: =E13+E14 -> 79.983178 | F12: =F13+F14 -> 2028316 | G12: =G13+G14 -> 78.13925 | H12: =H13+H14 -> 80.118658
B13: Moldovenească | C13: 1159857 | D13: =C13/C$11*100 -> 48.142688 | E13: =C13/SUM(C13:C20)*100 -> 48.174321 | F13: 1441478 | G13: =F13/F$11*100 -> 55.531786 | H13: =F13/SUM(F13:F20)*100 -> 56.938506
B14: Română | C14: 765838 | D14: =C14/C$11*100 -> 31.78797 | E14: =C14/SUM(C13:C20)*100 -> 31.808857 | F14: 586838 | G14: =F14/F$11*100 -> 22.607464 | H14: =F14/SUM(F13:F20)*100 -> 23.180152
B15: Ucraineană | C15: 71878 | D15: =C15/C$11*100 -> 2.9834713 | E15: =C15/SUM(C13:C20)*100 -> 2.9854317 | F15: 102230 | G15: =F15/F$11*100 -> 3.9383289 | H15: =F15/SUM(F13:F20)*100 -> 4.0380939
B16: Rusă | C16: 280050 | D16: =C16/C$11*100 -> 11.624157 | E16: =C16/SUM(C13:C20)*100 -> 11.631795 | F16: 250478 | G16: =F16/F$11*100 -> 9.6494645 | H16: =F16/SUM(F13:F20)*100 -> 9.8939028
B17: Găgăuză | C17: 87407 | D17: =C17/C$11*100 -> 3.6280403 | E17: =C17/SUM(C13:C20)*100 -> 3.6304242 | F17: 101698 | G17: =F17/F$11*100 -> 3.917834 | H17: =F17/SUM(F13:F20)*100 -> 4.0170798
B18: Bulgară | C18: 28839 | D18: =C18/C$11*100 -> 1.1970329 | E18: =C18/SUM(C13:C20)*100 -> 1.1978194 | F18: 38103 | G18: =F18/F$11*100 -> 1.4678876 | H18: =F18/SUM(F13:F20)*100 -> 1.5050718
B19: Romani (Țigănească) | C19: 7640 | D19: =C19/C$11*100 -> 0.31711679 | E19: =C19/SUM(C13:C20)*100 -> 0.31732516 | F19: 6882 | G19: =F19/F$11*100 -> 0.26512354 | H19: =F19/SUM(F13:F20)*100 -> 0.2718396
B20: Altă limbă | C20: 6116 | D20: =C20/C$11*100 -> 0.25385946 | E20: =C20/SUM(C13:C20)*100 -> 0.25402627 | F20: 3933 | G20: =F20/F$11*100 -> 0.15151568 | H20: =F20/SUM(F13:F20)*100 -> 0.15535384
B21: Nu au declarat limba maternă | C21: 1582 | D21: =C21/C$11*100 -> 0.06566476 | E21: x | F21: 64131 | G21: =F21/F$11*100 -> 2.4705954 | H21: x
B22: din total, pe medii de reședință
B23: Urban
B24: Total | C24: 1118967 | D24: 100 | E24: x | F24: 901694 | G24: 100 | H24: x
B25: Moldovenească sau Română | C25: =C26+C27 -> 800601 | D25: =D26+D27 -> 71.548223 | E25: =E26+E27 -> 71.612349 | F25: =F26+F27 -> 584369 | G25: =G26+G27 -> 64.807906 | H25: =H26+H27 -> 67.835667
B26: Moldovenească | C26: 379041 | D26: =C26/C$24*100 -> 33.874189 | E26: =C26/SUM(C26:C33)*100 -> 33.90455 | F26: 331218 | G26: =F26/F$24*100 -> 36.732861 | H26: =F26/SUM(F26:F33)*100 -> 38.448984
B27: Română | C27: 421560 | D27: =C27/C$24*100 -> 37.674033 | E27: =C27/SUM(C26:C33)*100 -> 37.707799 | F27: 253151 | G27: =F27/F$24*100 -> 28.075045 | H27: =F27/SUM(F26:F33)*100 -> 29.386684
B28: Ucraineană | C28: 31023 | D28: =C28/C$24*100 -> 2.7724678 | E28: =C28/SUM(C26:C33)*100 -> 2.7749527 | F28: 25852 | G28: =F28/F$24*100 -> 2.867048 | H28: =F28/SUM(F26:F33)*100 -> 3.0009937
B29: Rusă | C29: 225572 | D29: =C29/C$24*100 -> 20.15895 | E29: =C29/SUM(C26:C33)*100 -> 20.177018 | F29: 190143 | G29: =F29/F$24*100 -> 21.087309 | H29: =F29/SUM(F26:F33)*100 -> 22.072487
B30: Găgăuză | C30: 34198 | D30: =C30/C$24*100 -> 3.0562117 | E30: =C30/SUM(C26:C33)*100 -> 3.0589509 | F30: 34381 | G30: =F30/F$24*100 -> 3.8129343 | H30: =F30/SUM(F26:F33)*100 -> 3.9910708
B31: Bulgară | C31: 16035 | D31: =C31/C$24*100 -> 1.4330181 | E31: =C31/SUM(C26:C33)*100 -> 1.4343025 | F31: 18720 | G31: =F31/F$24*100 -> 2.0760923 | H31: =F31/SUM(F26:F33)*100 -> 2.1730853
B32: Romani (Țigănească) | C32: 5596 | D32: =C32/C$24*100 -> 0.50010411 | E32: =C32/SUM(C26:C33)*100 -> 0.50055234 | F32: 5332 | G32: =F32/F$24*100 -> 0.59133143 | H32: =F32/SUM(F26:F33)*100 -> 0.61895785
B33: Altă limbă | C33: 4940 | D33: =C33/C$24*100 -> 0.44147861 | E33: =C33/SUM(C26:C33)*100 -> 0.4418743 | F33: 2651 | G33: =F33/F$24*100 -> 0.29400218 | H33: =F33/SUM(F26:F33)*100 -> 0.30773767
B34: Nu au declarat limba maternă | C34: 1002 | D34: =C34/C$24*100 -> 0.089546877 | E34: x | F34: 40246 | G34: =F34/F$24*100 -> 4.4633767 | H34: x
B35: Rural
B36: Total | C36: 1290240 | D36: 100 | E36: x | F36: 1694077 | G36: 100 | H36: x
B37: Moldovenească sau Română | C37: =C38+C39 -> 1125094 | D37: =D38+D39 -> 87.200366 | E37: =E38+E39 -> 87.239583 | F37: =F38+F39 -> 1443947 | G37: =G38+G39 -> 85.235028 | H37: =H38+H39 -> 86.453953
B38: Moldovenească | C38: 780816 | D38: =C38/C$36*100 -> 60.517113 | E38: =C38/SUM(C38:C45)*100 -> 60.54433 | F38: 1110260 | G38: =F38/F$36*100 -> 65.537753 | H38: =F38/SUM(F38:F45)*100 -> 66.474992
B39: Română | C39: 344278 | D39: =C39/C$36*100 -> 26.683253 | E39: =C39/SUM(C38:C45)*100 -> 26.695253 | F39: 333687 | G39: =F39/F$36*100 -> 19.697275 | H39: =F39/SUM(F38:F45)*100 -> 19.978961
B40: Ucraineană | C40: 40855 | D40: =C40/C$36*100 -> 3.1664652 | E40: =C40/SUM(C38:C45)*100 -> 3.1678892 | F40: 76378 | G40: =F40/F$36*100 -> 4.5085318 | H40: =F40/SUM(F38:F45)*100 -> 4.5730072
B41: Rusă | C41: 54478 | D41: =C41/C$36*100 -> 4.2223152 | E41: =C41/SUM(C38:C45)*100 -> 4.2242141 | F41: 60335 | G41: =F41/F$36*100 -> 3.5615264 | H41: =F41/SUM(F38:F45)*100 -> 3.6124589
B42: Găgăuză | C42: 53209 | D42: =C42/C$36*100 -> 4.1239614 | E42: =C42/SUM(C38:C45)*100 -> 4.1258161 | F42: 67317 | G42: =F42/F$36*100 -> 3.9736683 | H42: =F42/SUM(F38:F45)*100 -> 4.0304947
B43: Bulgară | C43: 12804 | D43: =C43/C$36*100 -> 0.99237351 | E43: =C43/SUM(C38:C45)*100 -> 0.99281981 | F43: 19383 | G43: =F43/F$36*100 -> 1.1441629 | H43: =F43/SUM(F38:F45)*100 -> 1.1605253
B44: Romani (Țigănească) | C44: 2044 | D44: =C44/C$36*100 -> 0.15842014 | E44: =C44/SUM(C38:C45)*100 -> 0.15849139 | F44: 1550 | G44: =F44/F$36*100 -> 0.091495251 | H44: =F44/SUM(F38:F45)*100 -> 0.092803702
B45: Altă limbă | C45: 1176 | D45: =C45/C$36*100 -> 0.091145833 | E45: =C45/SUM(C38:C45)*100 -> 0.091186824 | F45: 1282 | G45: =F45/F$36*100 -> 0.075675427 | H45: =F45/SUM(F38:F45)*100 -> 0.076757642
B46: Nu au declarat limba maternă | C46: 580 | D46: =C46/C$36*100 -> 0.044952877 | E46: x | F46: 23885 | G46: =F46/F$36*100 -> 1.4099123 | H46: x
B48: 1Datele se referă doar la UAT efectiv recenzate și nu includ unitățile administrativ-teritoriale din stânga Nistrului, municipiului Bender (inclusiv satul Proteagailovca), comuna Chițcani (inclusiv satele Merenești și Zahorna), satele Cremenciug și Gîsca din raionul Căușeni, comuna Corjova (inclusiv satul Mahala) din raionul Dubăsari, precum și satul Roghi din cadrul comunei Molovata Nouă, raionul Dubăsari.
B49: ² Datele pentru "Populație" sunt prezentate pentru populația cu reședință obișnuită.
B50: 3Categoria formată prin însumarea răspunsurilor pentru llimbile „Moldovenească” și „Română”, este prezentată cu scop informativ/de analiză.
B51: ”x” = nu se aplică
B52: ”0,0” = valoare mai mică decât 0,05

Sheet 5.11
B1: Cuprins
B3: =Cuprins!B2 -> Recensământul Populației și Locuințelor 2024: CARACTERISTICI ETNO-CULTURALE
B5: 5.11 Populația după limba maternă, pe grupe de vârstă, la recensământul din 20241,2
K6: persoane
B7: Limbă maternă declarată3 | C7: Total | D7: Grupe de vârstă, ani
D8: 0-9 | E8: 10-19 | F8: 20-29 | G8: 30-39 | H8: 40-49 | I8: 50-59 | J8: 60-69 | K8: 70-79 | L8: 80 și mai mult
B9: A | C9: 1 | D9: 2 | E9: 3 | F9: 4 | G9: 5 | H9: 6 | I9: 7 | J9: 8 | K9: 9 | L9: 10
B10: Total | C10: 2409207 | D10: 301844 | E10: 305993 | F10: 219015 | G10: 335638 | H10: 324962 | I10: 302081 | J10: 358444 | K10: 198811 | L10: 62419
B11: Moldovenească sau Română | C11: =C12+C13 -> 1925695 | D11: =D12+D13 -> 253071 | E11: =E12+E13 -> 252158 | F11: =F12+F13 -> 177522 | G11: =G12+G13 -> 273997 | H11: =H12+H13 -> 257534 | I11: =I12+I13 -> 238795 | J11: =J12+J13 -> 279954 | ... L11: =L12+L13 -> 43777
B12: Moldovenească | C12: 1159857 | D12: 127950 | E12: 132676 | F12: 88737 | G12: 147210 | H12: 157881 | I12: 165016 | J12: 198790 | K12: 107099 | L12: 34498
B13: Română | C13: 765838 | D13: 125121 | E13: 119482 | F13: 88785 | G13: 126787 | H13: 99653 | I13: 73779 | J13: 81164 | K13: 41788 | L13: 9279
B14: Ucraineană | C14: 71878 | D14: 4701 | E14: 5421 | F14: 4954 | G14: 7754 | H14: 8195 | I14: 10025 | J14: 14847 | K14: 10663 | L14: 5318
B15: Rusă | C15: 280050 | D15: 30085 | E15: 33271 | F15: 24443 | G15: 36572 | H15: 41926 | I15: 36882 | J15: 40139 | K15: 26905 | L15: 9827
B16: Găgăuză | C16: 87407 | D16: 9369 | E16: 10266 | F16: 7310 | G16: 12002 | H16: 11303 | I16: 10885 | J16: 16329 | K16: 7863 | L16: 2080
B17: Bulgară | C17: 28839 | D17: 2079 | E17: 2659 | F17: 2030 | G17: 3398 | H17: 4164 | I17: 3971 | J17: 5645 | K17: 3718 | L17: 1175
B18: Romani (Țigănească) | C18: 7640 | D18: 1459 | E18: 1383 | F18: 1009 | G18: 1017 | H18: 948 | I18: 769 | J18: 701 | K18: 295 | L18: 59
B19: Altă limbă | C19: 6116 | D19: 460 | E19: 672 | F19: 1624 | G19: 707 | H19: 712 | I19: 630 | J19: 723 | K19: 421 | L19: 167
B20: Nu au declarat limba maternă | C20: 1582 | D20: 620 | E20: 163 | F20: 123 | G20: 191 | H20: 180 | I20: 124 | J20: 106 | K20: 59 | L20: 16
B21: în % față de total
B22: Total | C22: 100 | D22: =D10/$C10*100 -> 12.52877 | E22: =E10/$C10*100 -> 12.700984 | F22: =F10/$C10*100 -> 9.0907506 | G22: =G10/$C10*100 -> 13.931472 | H22: =H10/$C10*100 -> 13.488339 | I22: =I10/$C10*100 -> 12.538607 | J22: =J10/$C10*100 -> 14.878091 | K22: =K10/$C10*100 -> 8.2521344 | L22: =L10/$C10*100 -> 2.5908525
B23: Moldovenească sau Română | C23: 100 | D23: =D11/$C11*100 -> 13.141801 | E23: =E11/$C11*100 -> 13.094389 | F23: =F11/$C11*100 -> 9.2185938 | G23: =G11/$C11*100 -> 14.228473 | H23: =H11/$C11*100 -> 13.373561 | I23: =I11/$C11*100 -> 12.400458 | J23: =J11/$C11*100 -> 14.537816 | K23: =K11/$C11*100 -> 7.7315982 | L23: =L11/$C11*100 -> 2.2733091
B24: Moldovenească | C24: 100 | D24: =D12/$C12*100 -> 11.031532 | E24: =E12/$C12*100 -> 11.438996 | F24: =F12/$C12*100 -> 7.6506845 | G24: =G12/$C12*100 -> 12.692082 | H24: =H12/$C12*100 -> 13.612109 | I24: =I12/$C12*100 -> 14.227271 | J24: =J12/$C12*100 -> 17.139182 | K24: =K12/$C12*100 -> 9.2338107 | L24: =L12/$C12*100 -> 2.9743322
B25: Română | C25: 100 | D25: =D13/$C13*100 -> 16.337789 | E25: =E13/$C13*100 -> 15.601472 | F25: =F13/$C13*100 -> 11.593183 | G25: =G13/$C13*100 -> 16.555329 | H25: =H13/$C13*100 -> 13.012282 | I25: =I13/$C13*100 -> 9.6337607 | J25: =J13/$C13*100 -> 10.598064 | K25: =K13/$C13*100 -> 5.4565065 | L25: =L13/$C13*100 -> 1.2116139
B26: Ucraineană | C26: 100 | D26: =D14/$C14*100 -> 6.5402488 | E26: =E14/$C14*100 -> 7.5419461 | F26: =F14/$C14*100 -> 6.8922341 | G26: =G14/$C14*100 -> 10.787724 | H26: =H14/$C14*100 -> 11.401263 | I26: =I14/$C14*100 -> 13.947244 | J26: =J14/$C14*100 -> 20.655833 | K26: =K14/$C14*100 -> 14.834859 | L26: =L14/$C14*100 -> 7.3986477
B27: Rusă | C27: 100 | D27: =D15/$C15*100 -> 10.742725 | E27: =E15/$C15*100 -> 11.880379 | F27: =F15/$C15*100 -> 8.7280843 | G27: =G15/$C15*100 -> 13.059097 | H27: =H15/$C15*100 -> 14.970898 | I27: =I15/$C15*100 -> 13.169791 | J27: =J15/$C15*100 -> 14.332798 | K27: =K15/$C15*100 -> 9.607213 | L27: =L15/$C15*100 -> 3.5090162
B28: Găgăuză | C28: 100 | D28: =D16/$C16*100 -> 10.718821 | E28: =E16/$C16*100 -> 11.745055 | F28: =F16/$C16*100 -> 8.3631746 | G28: =G16/$C16*100 -> 13.731166 | H28: =H16/$C16*100 -> 12.931459 | I28: =I16/$C16*100 -> 12.453236 | J28: =J16/$C16*100 -> 18.68157 | K28: =K16/$C16*100 -> 8.995847 | L28: =L16/$C16*100 -> 2.3796721
B29: Bulgară | C29: 100 | D29: =D17/$C17*100 -> 7.2089878 | E29: =E17/$C17*100 -> 9.2201533 | F29: =F17/$C17*100 -> 7.039079 | G29: =G17/$C17*100 -> 11.782655 | H29: =H17/$C17*100 -> 14.438781 | I29: =I17/$C17*100 -> 13.769548 | J29: =J17/$C17*100 -> 19.574188 | K29: =K17/$C17*100 -> 12.892264 | L29: =L17/$C17*100 -> 4.0743438
B30: Romani (Țigănească) | C30: 100 | D30: =D18/$C18*100 -> 19.096859 | E30: =E18/$C18*100 -> 18.102094 | F30: =F18/$C18*100 -> 13.206806 | G30: =G18/$C18*100 -> 13.311518 | H30: =H18/$C18*100 -> 12.408377 | I30: =I18/$C18*100 -> 10.065445 | J30: =J18/$C18*100 -> 9.1753927 | K30: =K18/$C18*100 -> 3.8612565 | L30: =L18/$C18*100 -> 0.77225131
B31: Altă limbă | C31: 100 | D31: =D19/$C19*100 -> 7.5212557 | E31: =E19/$C19*100 -> 10.987574 | F31: =F19/$C19*100 -> 26.553303 | G31: =G19/$C19*100 -> 11.559843 | H31: =H19/$C19*100 -> 11.641596 | I31: =I19/$C19*100 -> 10.30085 | J31: =J19/$C19*100 -> 11.821452 | K31: =K19/$C19*100 -> 6.883584 | L31: =L19/$C19*100 -> 2.7305428
B32: Nu au declarat limba maternă | C32: 100 | D32: =D20/$C20*100 -> 39.190898 | E32: =E20/$C20*100 -> 10.303413 | F32: =F20/$C20*100 -> 7.7749684 | G32: =G20/$C20*100 -> 12.073325 | H32: =H20/$C20*100 -> 11.378003 | I32: =I20/$C20*100 -> 7.8381795 | J32: =J20/$C20*100 -> 6.7003793 | K32: =K20/$C20*100 -> 3.7294564 | L32: =L20/$C20*100 -> 1.011378
B34: 1Datele se referă doar la UAT efectiv recenzate și nu includ unitățile administrativ-teritoriale din stânga Nistrului, municipiului Bender (inclusiv satul Proteagailovca), comuna Chițcani (inclusiv satele Merenești și Zahorna), satele Cremenciug și Gîsca din raionul Căușeni, comuna Corjova (inclusiv satul Mahala) din raionul Dubăsari, precum și satul Roghi din cadrul comunei Molovata Nouă, raionul Dubăsari.
B35: ² Datele pentru "Populație" sunt prezentate pentru populația cu reședință obișnuită.
B36: 3Categoria formată prin însumarea răspunsurilor pentru llimbile „Moldovenească” și „Română”, este prezentată cu scop informativ/de analiză.

Sheet 5.12
B1: Cuprins
B3: =Cuprins!B2 -> Recensământul Populației și Locuințelor 2024: CARACTERISTICI ETNO-CULTURALE
B5: 5.12 Populația după limba maternă, pe sexe și medii de reședință, la recensământul din 20241,2
G7: persoane
B8: Limba maternă declarată3 | C8: Total | D8: Sexe | F8: Medii de reședință
D9: Masculin | E9: Feminin | F9: Urban | G9: Rural
B10: A | C10: 1 | D10: 2 | E10: 3 | F10: 4 | G10: 5
B11: Total | C11: =SUM(C13:C21) -> 2409207 | D11: =SUM(D13:D21) -> 1137343 | E11: =SUM(E13:E21) -> 1271864 | F11: =SUM(F13:F21) -> 1118967 | G11: =SUM(G13:G21) -> 1290240
B12: Moldovenească sau Română | C12: =C13+C14 -> 1925695 | D12: =D13+D14 -> 919095 | E12: =E13+E14 -> 1006600 | F12: =F13+F14 -> 800601 | G12: =G13+G14 -> 1125094
B13: Moldovenească | C13: 1159857 | D13: 554423 | E13: 605434 | F13: 379041 | G13: 780816
B14: Română | C14: 765838 | D14: 364672 | E14: 401166 | F14: 421560 | G14: 344278
B15: Ucraineană | C15: 71878 | D15: 30287 | E15: 41591 | F15: 31023 | G15: 40855
B16: Rusă | C16: 280050 | D16: 124955 | E16: 155095 | F16: 225572 | G16: 54478
B17: Găgăuză | C17: 87407 | D17: 41656 | E17: 45751 | F17: 34198 | G17: 53209
B18: Bulgară | C18: 28839 | D18: 13401 | E18: 15438 | F18: 16035 | G18: 12804
B19: Romani (Țigănească) | C19: 7640 | D19: 3489 | E19: 4151 | F19: 5596 | G19: 2044
B20: Altă limbă | C20: 6116 | D20: 3626 | E20: 2490 | F20: 4940 | G20: 1176
B21: Nu au declarat limba maternă | C21: 1582 | D21: 834 | E21: 748 | F21: 1002 | G21: 580
B22: în % față de total
B23: Total | C23: 100 | D23: =D11/$C11*100 -> 47.208189 | E23: =E11/$C11*100 -> 52.791811 | F23: =F11/$C11*100 -> 46.445449 | G23: =G11/$C11*100 -> 53.554551
B24: Moldovenească sau Română | C24: 100 | D24: =D12/$C12*100 -> 47.727963 | E24: =E12/$C12*100 -> 52.272037 | F24: =F12/$C12*100 -> 41.574652 | G24: =G12/$C12*100 -> 58.425348
B25: Moldovenească | C25: 100 | D25: =D13/$C13*100 -> 47.800979 | E25: =E13/$C13*100 -> 52.199021 | F25: =F13/$C13*100 -> 32.679977 | G25: =G13/$C13*100 -> 67.320023
B26: Română | C26: 100 | D26: =D14/$C14*100 -> 47.617381 | E26: =E14/$C14*100 -> 52.382619 | F26: =F14/$C14*100 -> 55.045584 | G26: =G14/$C14*100 -> 44.954416
B27: Ucraineană | C27: 100 | D27: =D15/$C15*100 -> 42.136676 | E27: =E15/$C15*100 -> 57.863324 | F27: =F15/$C15*100 -> 43.160633 | G27: =G15/$C15*100 -> 56.839367
B28: Rusă | C28: 100 | D28: =D16/$C16*100 -> 44.618818 | E28: =E16/$C16*100 -> 55.381182 | F28: =F16/$C16*100 -> 80.547045 | G28: =G16/$C16*100 -> 19.452955
B29: Găgăuză | C29: 100 | D29: =D17/$C17*100 -> 47.65751 | E29: =E17/$C17*100 -> 52.34249 | F29: =F17/$C17*100 -> 39.125013 | G29: =G17/$C17*100 -> 60.874987
B30: Bulgară | C30: 100 | D30: =D18/$C18*100 -> 46.468324 | E30: =E18/$C18*100 -> 53.531676 | F30: =F18/$C18*100 -> 55.601789 | G30: =G18/$C18*100 -> 44.398211
B31: Romani (Țigănească) | C31: 100 | D31: =D19/$C19*100 -> 45.667539 | E31: =E19/$C19*100 -> 54.332461 | F31: =F19/$C19*100 -> 73.246073 | G31: =G19/$C19*100 -> 26.753927
B32: Altă limbă | C32: 100 | D32: =D20/$C20*100 -> 59.287116 | E32: =E20/$C20*100 -> 40.712884 | F32: =F20/$C20*100 -> 80.771746 | G32: =G20/$C20*100 -> 19.228254
B33: Nu au declarat limba maternă | C33: 100 | D33: =D21/$C21*100 -> 52.718078 | E33: =E21/$C21*100 -> 47.281922 | F33: =F21/$C21*100 -> 63.337547 | G33: =G21/$C21*100 -> 36.662453
B35: 1Datele se referă doar la UAT efectiv recenzate și nu includ unitățile administrativ-teritoriale din stânga Nistrului, municipiului Bender (inclusiv satul Proteagailovca), comuna Chițcani (inclusiv satele Merenești și Zahorna), satele Cremenciug și Gîsca din raionul Căușeni, comuna Corjova (inclusiv satul Mahala) din raionul Dubăsari, precum și satul Roghi din cadrul comunei Molovata Nouă, raionul Dubăsari.
B36: ² Datele pentru "Populație" sunt prezentate pentru populația cu reședință obișnuită.
B37: 3Categoria formată prin însumarea răspunsurilor pentru llimbile „Moldovenească” și „Română”, este prezentată cu scop informativ/de analiză.

Sheet 5.13
C1: Cuprins
B3: =Cuprins!B2 -> Recensământul Populației și Locuințelor 2024: CARACTERISTICI ETNO-CULTURALE
B5: 5.13 Populația după limba maternă pe regiuni de dezvoltare și raioane/municipii, la recensământul din 20241,2
N6: persoane
B7: Cod statistic CUATM | C7: Regiuni de dezvoltare și raioane/municipii | D7: Total | E7: Limba maternă declarată3
E8: Moldovenească sau Română | H8: Ucraineană | I8: Rusă | J8: Găgăuză | K8: Bulgară | L8: Romani (Țigănească) | M8: Altă limbă | N8: Nu au declarat limba maternă
E9: Total | F9: Moldovenească | G9: Română
B10: A | C10: B | D10: 1 | E10: 2 | F10: 3 | G10: 4 | H10: 5 | I10: 6 | J10: 7 | K10: 8 | L10: 9 | M10: 10 | N10: 11
C11: Total | D11: 2409207 | E11: =F11+G11 -> 1925695 | F11: 1159857 | G11: 765838 | H11: 71878 | I11: 280050 | J11: 87407 | K11: 28839 | L11: 7640 | M11: 6116 | N11: 1582
B12: 100000 | C12: Mun. Chişinău | D12: 720128 | E12: =F12+G12 -> 549740 | F12: 206594 | G12: 343146 | H12: 17601 | I12: 141807 | J12: 2894 | K12: 2539 | L12: 607 | M12: 4177 | N12: 763
C13: Nord | D13: 608651 | E13: =F13+G13 -> 482254 | F13: 377084 | G13: 105170 | H13: 38425 | I13: 81610 | J13: 298 | K13: 177 | L13: 5005 | M13: 572 | N13: 310
B14: 0300000 | C14: Mun. Bălţi | D14: 94546 | E14: =F14+G14 -> 54647 | F14: 34584 | G14: 20063 | H14: 4285 | I14: 35132 | J14: 66 | K14: 41 | L14: 113 | M14: 171 | N14: 91
B15: 1400000 | C15: Briceni | D15: 46894 | E15: =F15+G15 -> 35163 | F15: 29926 | G15: 5237 | H15: 7339 | I15: 4091 | J15: 25 | K15: 8 | L15: 201 | M15: 45 | N15: 22
B16: 3400000 | C16: Donduşeni | D16: 28108 | E16: =F16+G16 -> 22966 | F16: 18781 | G16: 4185 | H16: 1754 | I16: 3248 | J16: 8 | K16: 9 | L16: 89 | M16: 26 | N16: 8
B17: 3600000 | C17: Drochia | D17: 53738 | E17: =F17+G17 -> 48043 | F17: 39491 | G17: 8552 | H17: 2085 | I17: 3385 | J17: 21 | K17: 14 | L17: 149 | M17: 26 | N17: 15
B18: 4100000 | C18: Edineţ | D18: 50429 | E18: =F18+G18 -> 37548 | F18: 29699 | G18: 7849 | H18: 3933 | I18: 8185 | J18: 57 | K18: 21 | L18: 626 | M18: 45 | N18: 14
B19: 4300000 | C19: Făleşti | D19: 56039 | E19: =F19+G19 -> 49382 | F19: 38605 | G19: 10777 | H19: 2291 | I19: 4270 | J19: 20 | K19: 9 | L19: 18 | M19: 38 | N19: 11
B20: 4500000 | C20: Floreşti | D20: 53264 | E20: =F20+G20 -> 48227 | F20: 37743 | G20: 10484 | H20: 1362 | I20: 3527 | J20: 13 | K20: 14 | L20: 28 | M20: 34 | N20: 59
B21: 4800000 | C21: Glodeni | D21: 35829 | E21: =F21+G21 -> 28812 | F21: 22373 | G21: 6439 | H21: 2950 | I21: 3725 | J21: 8 | K21: 9 | L21: 294 | M21: 19 | N21: 12
B22: 6200000 | C22: Ocniţa | D22: 31610 | E22: =F22+G22 -> 19655 | F22: 18100 | G22: 1555 | H22: 4517 | I22: 5515 | J22: 10 | K22: 22 | L22: 1829 | M22: 24 | N22: 38
B23: 7100000 | C23: Rîşcani | D23: 43652 | E23: =F23+G23 -> 33060 | F23: 26173 | G23: 6887 | H23: 5118 | I23: 4655 | J23: 25 | K23: 12 | L23: 709 | M23: 53 | N23: 20
B24: 7400000 | C24: Sîngerei | D24: 55933 | E24: =F24+G24 -> 50399 | F24: 39172 | G24: 11227 | H24: 1806 | I24: 3610 | J24: 27 | K24: 9 | L24: 36 | M24: 37 | N24: 9
B25: 7800000 | C25: Soroca | D25: 58609 | E25: =F25+G25 -> 54352 | F25: 42437 | G25: 11915 | H25: 985 | I25: 2267 | J25: 18 | K25: 9 | L25: 913 | M25: 54 | N25: 11
C26: Centru | D26: 670088 | E26: =F26+G26 -> 636734 | F26: 393780 | G26: 242954 | H26: 10261 | I26: 19652 | J26: 313 | K26: 681 | L26: 1394 | M26: 784 | N26: 269
B27: 1000000 | C27: Anenii Noi | D27: 57687 | E27: =F27+G27 -> 50040 | F27: 34252 | G27: 15788 | H27: 1128 | I27: 5987 | J27: 101 | K27: 117 | L27: 72 | M27: 151 | N27: 91
B28: 2500000 | C28: Călăraşi | D28: 43864 | E28: =F28+G28 -> 41789 | F28: 26045 | G28: 15744 | H28: 1020 | I28: 729 | J28: 14 | K28: 8 | L28: 275 | M28: 26 | N28: 3
B29: 3100000 | C29: Criuleni | D29: 52926 | E29: =F29+G29 -> 50054 | F29: 28448 | G29: 21606 | H29: 763 | I29: 1977 | J29: 26 | K29: 14 | L29: 19 | M29: 50 | N29: 23
B30: 3800000 | C30: Dubăsari | D30: 21781 | E30: =F30+G30 -> 21399 | F30: 16725 | G30: 4674 | H30: 71 | I30: 280 | J30: 13 | K30: 1 | L30: 2 | M30: 14 | N30: 1
B31: 5300000 | C31: Hînceşti | D31: 69462 | E31: =F31+G31 -> 65821 | F31: 43908 | G31: 21913 | H31: 2094 | I31: 1138 | J31: 32 | K31: 45 | L31: 201 | M31: 113 | N31: 18
B32: 5500000 | C32: Ialoveni | D32: 74458 | E32: =F32+G32 -> 71184 | F32: 27944 | G32: 43240 | H32: 1183 | I32: 1257 | J32: 28 | K32: 416 | L32: 249 | M32: 111 | N32: 30
B33: 6000000 | C33: Nisporeni | D33: 36413 | E33: =F33+G33 -> 35654 | F33: 20728 | G33: 14926 | H33: 113 | I33: 130 | J33: 5 | K33: 5 | L33: 469 | M33: 28 | N33: 9
B34: 6400000 | C34: Orhei | D34: 79242 | E34: =F34+G34 -> 75082 | F34: 49690 | G34: 25392 | H34: 1303 | I34: 2602 | J34: 32 | K34: 16 | L34: 60 | M34: 101 | N34: 46
B35: 6700000 | C35: Rezina | D35: 30243 | E35: =F35+G35 -> 28973 | F35: 20757 | G35: 8216 | H35: 226 | I35: 986 | J35: 14 | K35: 11 | L35: 1 | M35: 21 | N35: 11
B36: 8000000 | C36: Străşeni | D36: 61362 | E36: =F36+G36 -> 59917 | F36: 31746 | G36: 28171 | H36: 262 | I36: 1053 | J36: 25 | K36: 20 | L36: 17 | M36: 53 | N36: 15
B37: 8300000 | C37: Şoldăneşti | D37: 25394 | E37: =F37+G37 -> 24876 | F37: 19914 | G37: 4962 | H37: 199 | I37: 291 | J37: 3 | K37: 3 | L37: 2 | M37: 16 | N37: 4
B38: 8900000 | C38: Teleneşti | D38: 41452 | E38: =F38+G38 -> 40952 | F38: 25842 | G38: 15110 | H38: 232 | I38: 227 | J38: 3 | K38: 8 | L38: - | M38: 30 | N38: -
B39: 9200000 | C39: Ungheni | D39: 75804 | E39: =F39+G39 -> 70993 | F39: 47781 | G39: 23212 | H39: 1667 | I39: 2995 | J39: 17 | K39: 17 | L39: 27 | M39: 70 | N39: 18
C40: Sud | D40: 306672 | E40: =F40+G40 -> 252096 | F40: 177693 | G40: 74403 | H40: 4336 | I40: 24487 | J40: 3876 | K40: 21074 | L40: 381 | M40: 317 | N40: 105
B41: 1200000 | C41: Basarabeasca | D41: 14914 | E41: =F41+G41 -> 9996 | F41: 7423 | G41: 2573 | H41: 309 | I41: 3356 | J41: 686 | K41: 403 | L41: 136 | M41: 23 | N41: 5
B42: 1700000 | C42: Cahul | D42: 72775 | E42: =F42+G42 -> 59906 | F42: 38280 | G42: 21626 | H42: 1015 | I42: 9617 | J42: 789 | K42: 1288 | L42: 24 | M42: 104 | N42: 32
B43: 2100000 | C43: Cantemir | D43: 33181 | E43: =F43+G43 -> 31114 | F43: 21962 | G43: 9152 | H43: 266 | I43: 543 | J43: 82 | K43: 1140 | L43: 17 | M43: 16 | N43: 3
B44: 2700000 | C44: Căuşeni | D44: 57261 | E44: =F44+G44 -> 53047 | F44: 36925 | G44: 16122 | H44: 541 | I44: 2980 | J44: 203 | K44: 410 | L44: 8 | M44: 48 | N44: 24
B45: 2900000 | C45: Cimişlia | D45: 30986 | E45: =F45+G45 -> 28021 | F45: 21430 | G45: 6591 | H45: 732 | I45: 1782 | J45: 64 | K45: 340 | L45: 9 | M45: 34 | N45: 4
B46: 5700000 | C46: Leova | D46: 28835 | E46: =F46+G46 -> 26419 | F46: 18523 | G46: 7896 | H46: 178 | I46: 856 | J46: 68 | K46: 1235 | L46: 69 | M46: 9 | N46: 1
B47: 8500000 | C47: Ştefan Vodă | D47: 42285 | E47: =F47+G47 -> 40085 | F47: 29810 | G47: 10275 | H47: 664 | I47: 1436 | J47: 22 | K47: 28 | L47: 7 | M47: 35 | N47: 8
B48: 8700000 | C48: Taraclia | D48: 26435 | E48: =F48+G48 -> 3508 | F48: 3340 | G48: 168 | H48: 631 | I48: 3917 | J48: 1962 | K48: 16230 | L48: 111 | M48: 48 | N48: 28
B49: 9600000 | C49: UTA Găgăuzia | D49: 103668 | E49: =F49+G49 -> 4871 | F49: 4706 | G49: 165 | H49: 1255 | I49: 12494 | J49: 80026 | K49: 4368 | L49: 253 | M49: 266 | N49: 135
B51: 1Datele se referă doar la UAT efectiv recenzate și nu includ unitățile administrativ-teritoriale din stânga Nistrului, municipiului Bender (inclusiv satul Proteagailovca), comuna Chițcani (inclusiv satele Merenești și Zahorna), satele Cremenciug și Gîsca din raionul Căușeni, comuna Corjova (inclusiv satul Mahala) din raionul Dubăsari, precum și satul Roghi din cadrul comunei Molovata Nouă, raionul Dubăsari.
B52: ² Datele pentru "Populație" sunt prezentate pentru populația cu reședință obișnuită.
B53: 3Categoria formată prin însumarea răspunsurilor pentru llimbile „Moldovenească” și „Română”, este prezentată cu scop informativ/de analiză.
B54: ”-” = magnitudine zero

Sheet 5.14
C1: Cuprins
B3: =Cuprins!B2 -> Recensământul Populației și Locuințelor 2024: CARACTERISTICI ETNO-CULTURALE
B5: 5.14 Structura populației după limba maternă pe regiuni de dezvoltare și raioane/municipii, la recensământul din 20241,2
D6: %
B7: Cod statistic CUATM | C7: Regiuni de dezvoltare și raioane/municipii | D7: Total | E7: Limba maternă declarată3 | N7: Nu au declarat limba maternă
E8: Moldovenească sau Română | H8: Ucraineană | I8: Rusă | J8: Găgăuză | K8: Bulgară | L8: Romani (Țigănească) | M8: Altă limbă
E9: Total | F9: Moldovenească | G9: Română
B10: A | C10: B | D10: 1 | E10: 2 | F10: 3 | G10: 4 | H10: 5 | I10: 6 | J10: 7 | K10: 8 | L10: 9 | M10: 10 | N10: 11
C11: Total | D11: 100 | E11: =F11+G11 -> 79.930658 | F11: =IF('5.13'!F11="-", "-", '5.13'!F11/'5.13'!$D11*100) -> 48.142688 | G11: =IF('5.13'!G11="-", "-", '5.13'!G11/'5.13'!$D11*100) -> 31.78797 | H11: =IF('5.13'!H11="-", "-", '5.13'!H11/'5.13'!$D11*100) -> 2.9834713 | I11: =IF('5.13'!I11="-", "-", '5.13'!I11/'5.13'!$D11*100) -> 11.624157 | J11: =IF('5.13'!J11="-", "-", '5.13'!J11/'5.13'!$D11*100) -> 3.6280403 | K11: =IF('5.13'!K11="-", "-", '5.13'!K11/'5.13'!$D11*100) -> 1.1970329 | L11: =IF('5.13'!L11="-", "-", '5.13'!L11/'5.13'!$D11*100) -> 0.31711679 | M11: =IF('5.13'!M11="-", "-", '5.13'!M11/'5.13'!$D11*100) -> 0.25385946 | N11: =IF('5.13'!N11="-", "-", '5.13'!N11/'5.13'!$D11*100) -> 0.06566476
B12: 100000 | C12: Mun. Chişinău | D12: 100 | E12: =F12+G12 -> 76.339206 | F12: =IF('5.13'!F12="-", "-", '5.13'!F12/'5.13'!$D12*100) -> 28.688511 | G12: =IF('5.13'!G12="-", "-", '5.13'!G12/'5.13'!$D12*100) -> 47.650695 | H12: =IF('5.13'!H12="-", "-", '5.13'!H12/'5.13'!$D12*100) -> 2.4441488 | I12: =IF('5.13'!I12="-", "-", '5.13'!I12/'5.13'!$D12*100) -> 19.691916 | J12: =IF('5.13'!J12="-", "-", '5.13'!J12/'5.13'!$D12*100) -> 0.401873 | K12: =IF('5.13'!K12="-", "-", '5.13'!K12/'5.13'!$D12*100) -> 0.35257621 | L12: =IF('5.13'!L12="-", "-", '5.13'!L12/'5.13'!$D12*100) -> 0.084290571 | M12: =IF('5.13'!M12="-", "-", '5.13'!M12/'5.13'!$D12*100) -> 0.58003577 | N12: =IF('5.13'!N12="-", "-", '5.13'!N12/'5.13'!$D12*100) -> 0.10595339
C13: Nord | D13: 100 | E13: =F13+G13 -> 79.233255 | F13: =IF('5.13'!F13="-", "-", '5.13'!F13/'5.13'!$D13*100) -> 61.954059 | G13: =IF('5.13'!G13="-", "-", '5.13'!G13/'5.13'!$D13*100) -> 17.279196 | H13: =IF('5.13'!H13="-", "-", '5.13'!H13/'5.13'!$D13*100) -> 6.3131417 | I13: =IF('5.13'!I13="-", "-", '5.13'!I13/'5.13'!$D13*100) -> 13.408341 | J13: =IF('5.13'!J13="-", "-", '5.13'!J13/'5.13'!$D13*100) -> 0.048960734 | K13: =IF('5.13'!K13="-", "-", '5.13'!K13/'5.13'!$D13*100) -> 0.029080705 | L13: =IF('5.13'!L13="-", "-", '5.13'!L13/'5.13'!$D13*100) -> 0.82231032 | M13: =IF('5.13'!M13="-", "-", '5.13'!M13/'5.13'!$D13*100) -> 0.093978323 | N13: =IF('5.13'!N13="-", "-", '5.13'!N13/'5.13'!$D13*100) -> 0.050932308
B14: 0300000 | C14: Mun. Bălţi | D14: 100 | E14: =F14+G14 -> 57.799378 | F14: =IF('5.13'!F14="-", "-", '5.13'!F14/'5.13'!$D14*100) -> 36.57902 | G14: =IF('5.13'!G14="-", "-", '5.13'!G14/'5.13'!$D14*100) -> 21.220358 | H14: =IF('5.13'!H14="-", "-", '5.13'!H14/'5.13'!$D14*100) -> 4.5321854 | I14: =IF('5.13'!I14="-", "-", '5.13'!I14/'5.13'!$D14*100) -> 37.158632 | J14: =IF('5.13'!J14="-", "-", '5.13'!J14/'5.13'!$D14*100) -> 0.06980729 | K14: =IF('5.13'!K14="-", "-", '5.13'!K14/'5.13'!$D14*100) -> 0.043365134 | L14: =IF('5.13'!L14="-", "-", '5.13'!L14/'5.13'!$D14*100) -> 0.11951854 | M14: =IF('5.13'!M14="-", "-", '5.13'!M14/'5.13'!$D14*100) -> 0.18086434 | N14: =IF('5.13'!N14="-", "-", '5.13'!N14/'5.13'!$D14*100) -> 0.096249445
B15: 1400000 | C15: Briceni | D15: 100 | E15: =F15+G15 -> 74.984006 | F15: =IF('5.13'!F15="-", "-", '5.13'!F15/'5.13'!$D15*100) -> 63.816266 | G15: =IF('5.13'!G15="-", "-", '5.13'!G15/'5.13'!$D15*100) -> 11.16774 | H15: =IF('5.13'!H15="-", "-", '5.13'!H15/'5.13'!$D15*100) -> 15.65019 | I15: =IF('5.13'!I15="-", "-", '5.13'!I15/'5.13'!$D15*100) -> 8.7239306 | J15: =IF('5.13'!J15="-", "-", '5.13'!J15/'5.13'!$D15*100) -> 0.053311724 | K15: =IF('5.13'!K15="-", "-", '5.13'!K15/'5.13'!$D15*100) -> 0.017059752 | L15: =IF('5.13'!L15="-", "-", '5.13'!L15/'5.13'!$D15*100) -> 0.42862626 | M15: =IF('5.13'!M15="-", "-", '5.13'!M15/'5.13'!$D15*100) -> 0.095961104 | N15: =IF('5.13'!N15="-", "-", '5.13'!N15/'5.13'!$D15*100) -> 0.046914317
B16: 3400000 | C16: Donduşeni | D16: 100 | E16: =F16+G16 -> 81.706276 | F16: =IF('5.13'!F16="-", "-", '5.13'!F16/'5.13'!$D16*100) -> 66.817276 | G16: =IF('5.13'!G16="-", "-", '5.13'!G16/'5.13'!$D16*100) -> 14.889 | H16: =IF('5.13'!H16="-", "-", '5.13'!H16/'5.13'!$D16*100) -> 6.2402163 | I16: =IF('5.13'!I16="-", "-", '5.13'!I16/'5.13'!$D16*100) -> 11.555429 | J16: =IF('5.13'!J16="-", "-", '5.13'!J16/'5.13'!$D16*100) -> 0.028461648 | K16: =IF('5.13'!K16="-", "-", '5.13'!K16/'5.13'!$D16*100) -> 0.032019354 | L16: =IF('5.13'!L16="-", "-", '5.13'!L16/'5.13'!$D16*100) -> 0.31663583 | M16: =IF('5.13'!M16="-", "-", '5.13'!M16/'5.13'!$D16*100) -> 0.092500356 | N16: =IF('5.13'!N16="-", "-", '5.13'!N16/'5.13'!$D16*100) -> 0.028461648
B17: 3600000 | C17: Drochia | D17: 100 | E17: =F17+G17 -> 89.402285 | F17: =IF('5.13'!F17="-", "-", '5.13'!F17/'5.13'!$D17*100) -> 73.488035 | G17: =IF('5.13'!G17="-", "-", '5.13'!G17/'5.13'!$D17*100) -> 15.914251 | H17: =IF('5.13'!H17="-", "-", '5.13'!H17/'5.13'!$D17*100) -> 3.879936 | I17: =IF('5.13'!I17="-", "-", '5.13'!I17/'5.13'!$D17*100) -> 6.2990807 | J17: =IF('5.13'!J17="-", "-", '5.13'!J17/'5.13'!$D17*100) -> 0.039078492 | K17: =IF('5.13'!K17="-", "-", '5.13'!K17/'5.13'!$D17*100) -> 0.026052328 | L17: =IF('5.13'!L17="-", "-", '5.13'!L17/'5.13'!$D17*100) -> 0.2772712 | M17: =IF('5.13'!M17="-", "-", '5.13'!M17/'5.13'!$D17*100) -> 0.048382895 | N17: =IF('5.13'!N17="-", "-", '5.13'!N17/'5.13'!$D17*100) -> 0.027913209
B18: 4100000 | C18: Edineţ | D18: 100 | E18: =F18+G18 -> 74.457158 | F18: =IF('5.13'!F18="-", "-", '5.13'!F18/'5.13'!$D18*100) -> 58.892701 | G18: =IF('5.13'!G18="-", "-", '5.13'!G18/'5.13'!$D18*100) -> 15.564457 | H18: =IF('5.13'!H18="-", "-", '5.13'!H18/'5.13'!$D18*100) -> 7.7990839 | I18: =IF('5.13'!I18="-", "-", '5.13'!I18/'5.13'!$D18*100) -> 16.23074 | J18: =IF('5.13'!J18="-", "-", '5.13'!J18/'5.13'!$D18*100) -> 0.1130302 | K18: =IF('5.13'!K18="-", "-", '5.13'!K18/'5.13'!$D18*100) -> 0.041642706 | L18: =IF('5.13'!L18="-", "-", '5.13'!L18/'5.13'!$D18*100) -> 1.2413492 | M18: =IF('5.13'!M18="-", "-", '5.13'!M18/'5.13'!$D18*100) -> 0.089234369 | N18: =IF('5.13'!N18="-", "-", '5.13'!N18/'5.13'!$D18*100) -> 0.027761804
B19: 4300000 | C19: Făleşti | D19: 100 | E19: =F19+G19 -> 88.120773 | F19: =IF('5.13'!F19="-", "-", '5.13'!F19/'5.13'!$D19*100) -> 68.889523 | G19: =IF('5.13'!G19="-", "-", '5.13'!G19/'5.13'!$D19*100) -> 19.23125 | H19: =IF('5.13'!H19="-", "-", '5.13'!H19/'5.13'!$D19*100) -> 4.0882243 | I19: =IF('5.13'!I19="-", "-", '5.13'!I19/'5.13'!$D19*100) -> 7.6196934 | J19: =IF('5.13'!J19="-", "-", '5.13'!J19/'5.13'!$D19*100) -> 0.035689431 | K19: =IF('5.13'!K19="-", "-", '5.13'!K19/'5.13'!$D19*100) -> 0.016060244 | L19: =IF('5.13'!L19="-", "-", '5.13'!L19/'5.13'!$D19*100) -> 0.032120488 | M19: =IF('5.13'!M19="-", "-", '5.13'!M19/'5.13'!$D19*100) -> 0.067809918 | N19: =IF('5.13'!N19="-", "-", '5.13'!N19/'5.13'!$D19*100) -> 0.019629187
B20: 4500000 | C20: Floreşti | D20: 100 | E20: =F20+G20 -> 90.543331 | F20: =IF('5.13'!F20="-", "-", '5.13'!F20/'5.13'!$D20*100) -> 70.860243 | G20: =IF('5.13'!G20="-", "-", '5.13'!G20/'5.13'!$D20*100) -> 19.683088 | H20: =IF('5.13'!H20="-", "-", '5.13'!H20/'5.13'!$D20*100) -> 2.5570742 | I20: =IF('5.13'!I20="-", "-", '5.13'!I20/'5.13'!$D20*100) -> 6.6217333 | J20: =IF('5.13'!J20="-", "-", '5.13'!J20/'5.13'!$D20*100) -> 0.024406729 | K20: =IF('5.13'!K20="-", "-", '5.13'!K20/'5.13'!$D20*100) -> 0.026284169 | L20: =IF('5.13'!L20="-", "-", '5.13'!L20/'5.13'!$D20*100) -> 0.052568339 | M20: =IF('5.13'!M20="-", "-", '5.13'!M20/'5.13'!$D20*100) -> 0.063832983 | N20: =IF('5.13'!N20="-", "-", '5.13'!N20/'5.13'!$D20*100) -> 0.110769
B21: 4800000 | C21: Glodeni | D21: 100 | E21: =F21+G21 -> 80.415306 | F21: =IF('5.13'!F21="-", "-", '5.13'!F21/'5.13'!$D21*100) -> 62.44383 | G21: =IF('5.13'!G21="-", "-", '5.13'!G21/'5.13'!$D21*100) -> 17.971476 | H21: =IF('5.13'!H21="-", "-", '5.13'!H21/'5.13'!$D21*100) -> 8.2335538 | I21: =IF('5.13'!I21="-", "-", '5.13'!I21/'5.13'!$D21*100) -> 10.396606 | J21: =IF('5.13'!J21="-", "-", '5.13'!J21/'5.13'!$D21*100) -> 0.022328282 | K21: =IF('5.13'!K21="-", "-", '5.13'!K21/'5.13'!$D21*100) -> 0.025119317 | L21: =IF('5.13'!L21="-", "-", '5.13'!L21/'5.13'!$D21*100) -> 0.82056435 | M21: =IF('5.13'!M21="-", "-", '5.13'!M21/'5.13'!$D21*100) -> 0.053029669 | N21: =IF('5.13'!N21="-", "-", '5.13'!N21/'5.13'!$D21*100) -> 0.033492422
B22: 6200000 | C22: Ocniţa | D22: 100 | E22: =F22+G22 -> 62.17969 | F22: =IF('5.13'!F22="-", "-", '5.13'!F22/'5.13'!$D22*100) -> 57.260361 | G22: =IF('5.13'!G22="-", "-", '5.13'!G22/'5.13'!$D22*100) -> 4.9193293 | H22: =IF('5.13'!H22="-", "-", '5.13'!H22/'5.13'!$D22*100) -> 14.289782 | I22: =IF('5.13'!I22="-", "-", '5.13'!I22/'5.13'!$D22*100) -> 17.44701 | J22: =IF('5.13'!J22="-", "-", '5.13'!J22/'5.13'!$D22*100) -> 0.031635558 | K22: =IF('5.13'!K22="-", "-", '5.13'!K22/'5.13'!$D22*100) -> 0.069598228 | L22: =IF('5.13'!L22="-", "-", '5.13'!L22/'5.13'!$D22*100) -> 5.7861436 | M22: =IF('5.13'!M22="-", "-", '5.13'!M22/'5.13'!$D22*100) -> 0.07592534 | N22: =IF('5.13'!N22="-", "-", '5.13'!N22/'5.13'!$D22*100) -> 0.12021512
B23: 7100000 | C23: Rîşcani | D23: 100 | E23: =F23+G23 -> 75.735361 | F23: =IF('5.13'!F23="-", "-", '5.13'!F23/'5.13'!$D23*100) -> 59.958307 | G23: =IF('5.13'!G23="-", "-", '5.13'!G23/'5.13'!$D23*100) -> 15.777055 | H23: =IF('5.13'!H23="-", "-", '5.13'!H23/'5.13'!$D23*100) -> 11.724549 | I23: =IF('5.13'!I23="-", "-", '5.13'!I23/'5.13'!$D23*100) -> 10.663887 | J23: =IF('5.13'!J23="-", "-", '5.13'!J23/'5.13'!$D23*100) -> 0.057271145 | K23: =IF('5.13'!K23="-", "-", '5.13'!K23/'5.13'!$D23*100) -> 0.027490149 | L23: =IF('5.13'!L23="-", "-", '5.13'!L23/'5.13'!$D23*100) -> 1.6242097 | M23: =IF('5.13'!M23="-", "-", '5.13'!M23/'5.13'!$D23*100) -> 0.12141483 | N23: =IF('5.13'!N23="-", "-", '5.13'!N23/'5.13'!$D23*100) -> 0.045816916
B24: 7400000 | C24: Sîngerei | D24: 100 | E24: =F24+G24 -> 90.10602 | F24: =IF('5.13'!F24="-", "-", '5.13'!F24/'5.13'!$D24*100) -> 70.03379 | G24: =IF('5.13'!G24="-", "-", '5.13'!G24/'5.13'!$D24*100) -> 20.072229 | H24: =IF('5.13'!H24="-", "-", '5.13'!H24/'5.13'!$D24*100) -> 3.2288631 | I24: =IF('5.13'!I24="-", "-", '5.13'!I24/'5.13'!$D24*100) -> 6.4541505 | J24: =IF('5.13'!J24="-", "-", '5.13'!J24/'5.13'!$D24*100) -> 0.04827204 | K24: =IF('5.13'!K24="-", "-", '5.13'!K24/'5.13'!$D24*100) -> 0.01609068 | L24: =IF('5.13'!L24="-", "-", '5.13'!L24/'5.13'!$D24*100) -> 0.06436272 | M24: =IF('5.13'!M24="-", "-", '5.13'!M24/'5.13'!$D24*100) -> 0.066150573 | N24: =IF('5.13'!N24="-", "-", '5.13'!N24/'5.13'!$D24*100) -> 0.01609068
B25: 7800000 | C25: Soroca | D25: 100 | E25: =F25+G25 -> 92.73661 | F25: =IF('5.13'!F25="-", "-", '5.13'!F25/'5.13'!$D25*100) -> 72.406968 | G25: =IF('5.13'!G25="-", "-", '5.13'!G25/'5.13'!$D25*100) -> 20.329642 | H25: =IF('5.13'!H25="-", "-", '5.13'!H25/'5.13'!$D25*100) -> 1.6806293 | I25: =IF('5.13'!I25="-", "-", '5.13'!I25/'5.13'!$D25*100) -> 3.8680066 | J25: =IF('5.13'!J25="-", "-", '5.13'!J25/'5.13'!$D25*100) -> 0.030712007 | K25: =IF('5.13'!K25="-", "-", '5.13'!K25/'5.13'!$D25*100) -> 0.015356003 | L25: =IF('5.13'!L25="-", "-", '5.13'!L25/'5.13'!$D25*100) -> 1.5577812 | M25: =IF('5.13'!M25="-", "-", '5.13'!M25/'5.13'!$D25*100) -> 0.09213602 | N25: =IF('5.13'!N25="-", "-", '5.13'!N25/'5.13'!$D25*100) -> 0.018768449
C26: Centru | D26: 100 | E26: =F26+G26 -> 95.022445 | F26: =IF('5.13'!F26="-", "-", '5.13'!F26/'5.13'!$D26*100) -> 58.765416 | G26: =IF('5.13'!G26="-", "-", '5.13'!G26/'5.13'!$D26*100) -> 36.257029 | H26: =IF('5.13'!H26="-", "-", '5.13'!H26/'5.13'!$D26*100) -> 1.5312914 | I26: =IF('5.13'!I26="-", "-", '5.13'!I26/'5.13'!$D26*100) -> 2.9327491 | J26: =IF('5.13'!J26="-", "-", '5.13'!J26/'5.13'!$D26*100) -> 0.046710283 | K26: =IF('5.13'!K26="-", "-", '5.13'!K26/'5.13'!$D26*100) -> 0.10162844 | L26: =IF('5.13'!L26="-", "-", '5.13'!L26/'5.13'!$D26*100) -> 0.20803238 | M26: =IF('5.13'!M26="-", "-", '5.13'!M26/'5.13'!$D26*100) -> 0.11699956 | N26: =IF('5.13'!N26="-", "-", '5.13'!N26/'5.13'!$D26*100) -> 0.040143981
B27: 1000000 | C27: Anenii Noi | D27: 100 | E27: =F27+G27 -> 86.74398 | F27: =IF('5.13'!F27="-", "-", '5.13'!F27/'5.13'!$D27*100) -> 59.375596 | G27: =IF('5.13'!G27="-", "-", '5.13'!G27/'5.13'!$D27*100) -> 27.368385 | H27: =IF('5.13'!H27="-", "-", '5.13'!H27/'5.13'!$D27*100) -> 1.9553799 | I27: =IF('5.13'!I27="-", "-", '5.13'!I27/'5.13'!$D27*100) -> 10.378421 | J27: =IF('5.13'!J27="-", "-", '5.13'!J27/'5.13'!$D27*100) -> 0.17508277 | K27: =IF('5.13'!K27="-", "-", '5.13'!K27/'5.13'!$D27*100) -> 0.20281866 | L27: =IF('5.13'!L27="-", "-", '5.13'!L27/'5.13'!$D27*100) -> 0.12481148 | M27: =IF('5.13'!M27="-", "-", '5.13'!M27/'5.13'!$D27*100) -> 0.26175742 | N27: =IF('5.13'!N27="-", "-", '5.13'!N27/'5.13'!$D27*100) -> 0.15774785
B28: 2500000 | C28: Călăraşi | D28: 100 | E28: =F28+G28 -> 95.269469 | F28: =IF('5.13'!F28="-", "-", '5.13'!F28/'5.13'!$D28*100) -> 59.37671 | G28: =IF('5.13'!G28="-", "-", '5.13'!G28/'5.13'!$D28*100) -> 35.892759 | H28: =IF('5.13'!H28="-", "-", '5.13'!H28/'5.13'!$D28*100) -> 2.3253693 | I28: =IF('5.13'!I28="-", "-", '5.13'!I28/'5.13'!$D28*100) -> 1.6619551 | J28: =IF('5.13'!J28="-", "-", '5.13'!J28/'5.13'!$D28*100) -> 0.031916834 | K28: =IF('5.13'!K28="-", "-", '5.13'!K28/'5.13'!$D28*100) -> 0.018238191 | L28: =IF('5.13'!L28="-", "-", '5.13'!L28/'5.13'!$D28*100) -> 0.62693781 | M28: =IF('5.13'!M28="-", "-", '5.13'!M28/'5.13'!$D28*100) -> 0.05927412 | N28: =IF('5.13'!N28="-", "-", '5.13'!N28/'5.13'!$D28*100) -> 0.0068393215
B29: 3100000 | C29: Criuleni | D29: 100 | E29: =F29+G29 -> 94.573556 | F29: =IF('5.13'!F29="-", "-", '5.13'!F29/'5.13'!$D29*100) -> 53.75052 | G29: =IF('5.13'!G29="-", "-", '5.13'!G29/'5.13'!$D29*100) -> 40.823036 | H29: =IF('5.13'!H29="-", "-", '5.13'!H29/'5.13'!$D29*100) -> 1.4416355 | I29: =IF('5.13'!I29="-", "-", '5.13'!I29/'5.13'!$D29*100) -> 3.7354041 | J29: =IF('5.13'!J29="-", "-", '5.13'!J29/'5.13'!$D29*100) -> 0.049125194 | K29: =IF('5.13'!K29="-", "-", '5.13'!K29/'5.13'!$D29*100) -> 0.026452027 | L29: =IF('5.13'!L29="-", "-", '5.13'!L29/'5.13'!$D29*100) -> 0.03589918 | M29: =IF('5.13'!M29="-", "-", '5.13'!M29/'5.13'!$D29*100) -> 0.094471526 | N29: =IF('5.13'!N29="-", "-", '5.13'!N29/'5.13'!$D29*100) -> 0.043456902
B30: 3800000 | C30: Dubăsari | D30: 100 | E30: =F30+G30 -> 98.246178 | F30: =IF('5.13'!F30="-", "-", '5.13'!F30/'5.13'!$D30*100) -> 76.787108 | G30: =IF('5.13'!G30="-", "-", '5.13'!G30/'5.13'!$D30*100) -> 21.45907 | H30: =IF('5.13'!H30="-", "-", '5.13'!H30/'5.13'!$D30*100) -> 0.32597218 | I30: =IF('5.13'!I30="-", "-", '5.13'!I30/'5.13'!$D30*100) -> 1.2855241 | J30: =IF('5.13'!J30="-", "-", '5.13'!J30/'5.13'!$D30*100) -> 0.059685047 | K30: =IF('5.13'!K30="-", "-", '5.13'!K30/'5.13'!$D30*100) -> 0.0045911574 | L30: =IF('5.13'!L30="-", "-", '5.13'!L30/'5.13'!$D30*100) -> 0.0091823149 | M30: =IF('5.13'!M30="-", "-", '5.13'!M30/'5.13'!$D30*100) -> 0.064276204 | N30: =IF('5.13'!N30="-", "-", '5.13'!N30/'5.13'!$D30*100) -> 0.0045911574
B31: 5300000 | C31: Hînceşti | D31: 100 | E31: =F31+G31 -> 94.758285 | F31: =IF('5.13'!F31="-", "-", '5.13'!F31/'5.13'!$D31*100) -> 63.21154 | G31: =IF('5.13'!G31="-", "-", '5.13'!G31/'5.13'!$D31*100) -> 31.546745 | H31: =IF('5.13'!H31="-", "-", '5.13'!H31/'5.13'!$D31*100) -> 3.0145979 | I31: =IF('5.13'!I31="-", "-", '5.13'!I31/'5.13'!$D31*100) -> 1.6383058 | J31: =IF('5.13'!J31="-", "-", '5.13'!J31/'5.13'!$D31*100) -> 0.046068354 | K31: =IF('5.13'!K31="-", "-", '5.13'!K31/'5.13'!$D31*100) -> 0.064783623 | L31: =IF('5.13'!L31="-", "-", '5.13'!L31/'5.13'!$D31*100) -> 0.28936685 | M31: =IF('5.13'!M31="-", "-", '5.13'!M31/'5.13'!$D31*100) -> 0.16267887 | N31: =IF('5.13'!N31="-", "-", '5.13'!N31/'5.13'!$D31*100) -> 0.025913449
B32: 5500000 | C32: Ialoveni | D32: 100 | E32: =F32+G32 -> 95.60289 | F32: =IF('5.13'!F32="-", "-", '5.13'!F32/'5.13'!$D32*100) -> 37.529883 | G32: =IF('5.13'!G32="-", "-", '5.13'!G32/'5.13'!$D32*100) -> 58.073008 | H32: =IF('5.13'!H32="-", "-", '5.13'!H32/'5.13'!$D32*100) -> 1.5888152 | I32: =IF('5.13'!I32="-", "-", '5.13'!I32/'5.13'!$D32*100) -> 1.6882001 | J32: =IF('5.13'!J32="-", "-", '5.13'!J32/'5.13'!$D32*100) -> 0.037605093 | K32: =IF('5.13'!K32="-", "-", '5.13'!K32/'5.13'!$D32*100) -> 0.55870424 | L32: =IF('5.13'!L32="-", "-", '5.13'!L32/'5.13'!$D32*100) -> 0.33441672 | M32: =IF('5.13'!M32="-", "-", '5.13'!M32/'5.13'!$D32*100) -> 0.14907733 | N32: =IF('5.13'!N32="-", "-", '5.13'!N32/'5.13'!$D32*100) -> 0.040291171
B33: 6000000 | C33: Nisporeni | D33: 100 | E33: =F33+G33 -> 97.91558 | F33: =IF('5.13'!F33="-", "-", '5.13'!F33/'5.13'!$D33*100) -> 56.924725 | G33: =IF('5.13'!G33="-", "-", '5.13'!G33/'5.13'!$D33*100) -> 40.990855 | H33: =IF('5.13'!H33="-", "-", '5.13'!H33/'5.13'!$D33*100) -> 0.31032873 | I33: =IF('5.13'!I33="-", "-", '5.13'!I33/'5.13'!$D33*100) -> 0.35701535 | J33: =IF('5.13'!J33="-", "-", '5.13'!J33/'5.13'!$D33*100) -> 0.01373136 | K33: =IF('5.13'!K33="-", "-", '5.13'!K33/'5.13'!$D33*100) -> 0.01373136 | L33: =IF('5.13'!L33="-", "-", '5.13'!L33/'5.13'!$D33*100) -> 1.2880015 | M33: =IF('5.13'!M33="-", "-", '5.13'!M33/'5.13'!$D33*100) -> 0.076895614 | N33: =IF('5.13'!N33="-", "-", '5.13'!N33/'5.13'!$D33*100) -> 0.024716447
B34: 6400000 | C34: Orhei | D34: 100 | E34: =F34+G34 -> 94.750259 | F34: =IF('5.13'!F34="-", "-", '5.13'!F34/'5.13'!$D34*100) -> 62.706645 | G34: =IF('5.13'!G34="-", "-", '5.13'!G34/'5.13'!$D34*100) -> 32.043613 | H34: =IF('5.13'!H34="-", "-", '5.13'!H34/'5.13'!$D34*100) -> 1.64433 | I34: =IF('5.13'!I34="-", "-", '5.13'!I34/'5.13'!$D34*100) -> 3.2836122 | J34: =IF('5.13'!J34="-", "-", '5.13'!J34/'5.13'!$D34*100) -> 0.040382625 | K34: =IF('5.13'!K34="-", "-", '5.13'!K34/'5.13'!$D34*100) -> 0.020191313 | L34: =IF('5.13'!L34="-", "-", '5.13'!L34/'5.13'!$D34*100) -> 0.075717423 | M34: =IF('5.13'!M34="-", "-", '5.13'!M34/'5.13'!$D34*100) -> 0.12745766 | N34: =IF('5.13'!N34="-", "-", '5.13'!N34/'5.13'!$D34*100) -> 0.058050024
B35: 6700000 | C35: Rezina | D35: 100 | E35: =F35+G35 -> 95.800681 | F35: =IF('5.13'!F35="-", "-", '5.13'!F35/'5.13'!$D35*100) -> 68.634064 | G35: =IF('5.13'!G35="-", "-", '5.13'!G35/'5.13'!$D35*100) -> 27.166617 | H35: =IF('5.13'!H35="-", "-", '5.13'!H35/'5.13'!$D35*100) -> 0.74728036 | I35: =IF('5.13'!I35="-", "-", '5.13'!I35/'5.13'!$D35*100) -> 3.2602586 | J35: =IF('5.13'!J35="-", "-", '5.13'!J35/'5.13'!$D35*100) -> 0.046291704 | K35: =IF('5.13'!K35="-", "-", '5.13'!K35/'5.13'!$D35*100) -> 0.036372053 | L35: =IF('5.13'!L35="-", "-", '5.13'!L35/'5.13'!$D35*100) -> 0.0033065503 | M35: =IF('5.13'!M35="-", "-", '5.13'!M35/'5.13'!$D35*100) -> 0.069437556 | N35: =IF('5.13'!N35="-", "-", '5.13'!N35/'5.13'!$D35*100) -> 0.036372053
B36: 8000000 | C36: Străşeni | D36: 100 | E36: =F36+G36 -> 97.645122 | F36: =IF('5.13'!F36="-", "-", '5.13'!F36/'5.13'!$D36*100) -> 51.735602 | G36: =IF('5.13'!G36="-", "-", '5.13'!G36/'5.13'!$D36*100) -> 45.909521 | H36: =IF('5.13'!H36="-", "-", '5.13'!H36/'5.13'!$D36*100) -> 0.42697435 | I36: =IF('5.13'!I36="-", "-", '5.13'!I36/'5.13'!$D36*100) -> 1.7160458 | J36: =IF('5.13'!J36="-", "-", '5.13'!J36/'5.13'!$D36*100) -> 0.040741827 | K36: =IF('5.13'!K36="-", "-", '5.13'!K36/'5.13'!$D36*100) -> 0.032593462 | L36: =IF('5.13'!L36="-", "-", '5.13'!L36/'5.13'!$D36*100) -> 0.027704442 | M36: =IF('5.13'!M36="-", "-", '5.13'!M36/'5.13'!$D36*100) -> 0.086372674 | N36: =IF('5.13'!N36="-", "-", '5.13'!N36/'5.13'!$D36*100) -> 0.024445096
B37: 8300000 | C37: Şoldăneşti | D37: 100 | E37: =F37+G37 -> 97.960148 | F37: =IF('5.13'!F37="-", "-", '5.13'!F37/'5.13'!$D37*100) -> 78.420099 | G37: =IF('5.13'!G37="-", "-", '5.13'!G37/'5.13'!$D37*100) -> 19.540049 | H37: =IF('5.13'!H37="-", "-", '5.13'!H37/'5.13'!$D37*100) -> 0.78364968 | I37: =IF('5.13'!I37="-", "-", '5.13'!I37/'5.13'!$D37*100) -> 1.14594 | J37: =IF('5.13'!J37="-", "-", '5.13'!J37/'5.13'!$D37*100) -> 0.011813814 | K37: =IF('5.13'!K37="-", "-", '5.13'!K37/'5.13'!$D37*100) -> 0.011813814 | L37: =IF('5.13'!L37="-", "-", '5.13'!L37/'5.13'!$D37*100) -> 0.0078758762 | M37: =IF('5.13'!M37="-", "-", '5.13'!M37/'5.13'!$D37*100) -> 0.06300701 | N37: =IF('5.13'!N37="-", "-", '5.13'!N37/'5.13'!$D37*100) -> 0.015751752
B38: 8900000 | C38: Teleneşti | D38: 100 | E38: =F38+G38 -> 98.793786 | F38: =IF('5.13'!F38="-", "-", '5.13'!F38/'5.13'!$D38*100) -> 62.341986 | G38: =IF('5.13'!G38="-", "-", '5.13'!G38/'5.13'!$D38*100) -> 36.4518 | H38: =IF('5.13'!H38="-", "-", '5.13'!H38/'5.13'!$D38*100) -> 0.55968349 | I38: =IF('5.13'!I38="-", "-", '5.13'!I38/'5.13'!$D38*100) -> 0.54762135 | J38: =IF('5.13'!J38="-", "-", '5.13'!J38/'5.13'!$D38*100) -> 0.0072372865 | K38: =IF('5.13'!K38="-", "-", '5.13'!K38/'5.13'!$D38*100) -> 0.019299431 | L38: =IF('5.13'!L38="-", "-", '5.13'!L38/'5.13'!$D38*100) -> - | M38: =IF('5.13'!M38="-", "-", '5.13'!M38/'5.13'!$D38*100) -> 0.072372865 | N38: =IF('5.13'!N38="-", "-", '5.13'!N38/'5.13'!$D38*100) -> -
B39: 9200000 | C39: Ungheni | D39: 100 | E39: =F39+G39 -> 93.653369 | F39: =IF('5.13'!F39="-", "-", '5.13'!F39/'5.13'!$D39*100) -> 63.032294 | G39: =IF('5.13'!G39="-", "-", '5.13'!G39/'5.13'!$D39*100) -> 30.621075 | H39: =IF('5.13'!H39="-", "-", '5.13'!H39/'5.13'!$D39*100) -> 2.1990924 | I39: =IF('5.13'!I39="-", "-", '5.13'!I39/'5.13'!$D39*100) -> 3.9509788 | J39: =IF('5.13'!J39="-", "-", '5.13'!J39/'5.13'!$D39*100) -> 0.022426257 | K39: =IF('5.13'!K39="-", "-", '5.13'!K39/'5.13'!$D39*100) -> 0.022426257 | L39: =IF('5.13'!L39="-", "-", '5.13'!L39/'5.13'!$D39*100) -> 0.035618173 | M39: =IF('5.13'!M39="-", "-", '5.13'!M39/'5.13'!$D39*100) -> 0.092343412 | N39: =IF('5.13'!N39="-", "-", '5.13'!N39/'5.13'!$D39*100) -> 0.023745449
C40: Sud | D40: 100 | E40: =F40+G40 -> 82.203788 | F40: =IF('5.13'!F40="-", "-", '5.13'!F40/'5.13'!$D40*100) -> 57.942362 | G40: =IF('5.13'!G40="-", "-", '5.13'!G40/'5.13'!$D40*100) -> 24.261426 | H40: =IF('5.13'!H40="-", "-", '5.13'!H40/'5.13'!$D40*100) -> 1.4138885 | I40: =IF('5.13'!I40="-", "-", '5.13'!I40/'5.13'!$D40*100) -> 7.9847524 | J40: =IF('5.13'!J40="-", "-", '5.13'!J40/'5.13'!$D40*100) -> 1.2638911 | K40: =IF('5.13'!K40="-", "-", '5.13'!K40/'5.13'!$D40*100) -> 6.871837 | L40: =IF('5.13'!L40="-", "-", '5.13'!L40/'5.13'!$D40*100) -> 0.12423697 | M40: =IF('5.13'!M40="-", "-", '5.13'!M40/'5.13'!$D40*100) -> 0.10336777 | N40: =IF('5.13'!N40="-", "-", '5.13'!N40/'5.13'!$D40*100) -> 0.034238535
B41: 1200000 | C41: Basarabeasca | D41: 100 | E41: =F41+G41 -> 67.024272 | F41: =IF('5.13'!F41="-", "-", '5.13'!F41/'5.13'!$D41*100) -> 49.772026 | G41: =IF('5.13'!G41="-", "-", '5.13'!G41/'5.13'!$D41*100) -> 17.252246 | H41: =IF('5.13'!H41="-", "-", '5.13'!H41/'5.13'!$D41*100) -> 2.0718788 | I41: =IF('5.13'!I41="-", "-", '5.13'!I41/'5.13'!$D41*100) -> 22.502347 | J41: =IF('5.13'!J41="-", "-", '5.13'!J41/'5.13'!$D41*100) -> 4.599705 | K41: =IF('5.13'!K41="-", "-", '5.13'!K41/'5.13'!$D41*100) -> 2.702159 | L41: =IF('5.13'!L41="-", "-", '5.13'!L41/'5.13'!$D41*100) -> 0.91189486 | M41: =IF('5.13'!M41="-", "-", '5.13'!M41/'5.13'!$D41*100) -> 0.15421751 | N41: =IF('5.13'!N41="-", "-", '5.13'!N41/'5.13'!$D41*100) -> 0.033525546
B42: 1700000 | C42: Cahul | D42: 100 | E42: =F42+G42 -> 82.31673 | F42: =IF('5.13'!F42="-", "-", '5.13'!F42/'5.13'!$D42*100) -> 52.600481 | G42: =IF('5.13'!G42="-", "-", '5.13'!G42/'5.13'!$D42*100) -> 29.716249 | H42: =IF('5.13'!H42="-", "-", '5.13'!H42/'5.13'!$D42*100) -> 1.3947097 | I42: =IF('5.13'!I42="-", "-", '5.13'!I42/'5.13'!$D42*100) -> 13.214703 | J42: =IF('5.13'!J42="-", "-", '5.13'!J42/'5.13'!$D42*100) -> 1.0841635 | K42: =IF('5.13'!K42="-", "-", '5.13'!K42/'5.13'!$D42*100) -> 1.7698385 | L42: =IF('5.13'!L42="-", "-", '5.13'!L42/'5.13'!$D42*100) -> 0.032978358 | M42: =IF('5.13'!M42="-", "-", '5.13'!M42/'5.13'!$D42*100) -> 0.14290622 | N42: =IF('5.13'!N42="-", "-", '5.13'!N42/'5.13'!$D42*100) -> 0.043971144
B43: 2100000 | C43: Cantemir | D43: 100 | E43: =F43+G43 -> 93.770531 | F43: =IF('5.13'!F43="-", "-", '5.13'!F43/'5.13'!$D43*100) -> 66.188481 | G43: =IF('5.13'!G43="-", "-", '5.13'!G43/'5.13'!$D43*100) -> 27.58205 | H43: =IF('5.13'!H43="-", "-", '5.13'!H43/'5.13'!$D43*100) -> 0.8016636 | I43: =IF('5.13'!I43="-", "-", '5.13'!I43/'5.13'!$D43*100) -> 1.6364787 | J43: =IF('5.13'!J43="-", "-", '5.13'!J43/'5.13'!$D43*100) -> 0.24712938 | K43: =IF('5.13'!K43="-", "-", '5.13'!K43/'5.13'!$D43*100) -> 3.4357012 | L43: =IF('5.13'!L43="-", "-", '5.13'!L43/'5.13'!$D43*100) -> 0.05123414 | M43: =IF('5.13'!M43="-", "-", '5.13'!M43/'5.13'!$D43*100) -> 0.048220367 | N43: =IF('5.13'!N43="-", "-", '5.13'!N43/'5.13'!$D43*100) -> 0.0090413188
B44: 2700000 | C44: Căuşeni | D44: 100 | E44: =F44+G44 -> 92.640715 | F44: =IF('5.13'!F44="-", "-", '5.13'!F44/'5.13'!$D44*100) -> 64.485426 | G44: =IF('5.13'!G44="-", "-", '5.13'!G44/'5.13'!$D44*100) -> 28.155289 | H44: =IF('5.13'!H44="-", "-", '5.13'!H44/'5.13'!$D44*100) -> 0.94479663 | I44: =IF('5.13'!I44="-", "-", '5.13'!I44/'5.13'!$D44*100) -> 5.2042402 | J44: =IF('5.13'!J44="-", "-", '5.13'!J44/'5.13'!$D44*100) -> 0.35451704 | K44: =IF('5.13'!K44="-", "-", '5.13'!K44/'5.13'!$D44*100) -> 0.71601963 | L44: =IF('5.13'!L44="-", "-", '5.13'!L44/'5.13'!$D44*100) -> 0.013971115 | M44: =IF('5.13'!M44="-", "-", '5.13'!M44/'5.13'!$D44*100) -> 0.083826688 | N44: =IF('5.13'!N44="-", "-", '5.13'!N44/'5.13'!$D44*100) -> 0.041913344
B45: 2900000 | C45: Cimişlia | D45: 100 | E45: =F45+G45 -> 90.431162 | F45: =IF('5.13'!F45="-", "-", '5.13'!F45/'5.13'!$D45*100) -> 69.160266 | G45: =IF('5.13'!G45="-", "-", '5.13'!G45/'5.13'!$D45*100) -> 21.270897 | H45: =IF('5.13'!H45="-", "-", '5.13'!H45/'5.13'!$D45*100) -> 2.3623572 | I45: =IF('5.13'!I45="-", "-", '5.13'!I45/'5.13'!$D45*100) -> 5.7509843 | J45: =IF('5.13'!J45="-", "-", '5.13'!J45/'5.13'!$D45*100) -> 0.20654489 | K45: =IF('5.13'!K45="-", "-", '5.13'!K45/'5.13'!$D45*100) -> 1.0972697 | L45: =IF('5.13'!L45="-", "-", '5.13'!L45/'5.13'!$D45*100) -> 0.029045375 | M45: =IF('5.13'!M45="-", "-", '5.13'!M45/'5.13'!$D45*100) -> 0.10972697 | N45: =IF('5.13'!N45="-", "-", '5.13'!N45/'5.13'!$D45*100) -> 0.012909056
B46: 5700000 | C46: Leova | D46: 100 | E46: =F46+G46 -> 91.621294 | F46: =IF('5.13'!F46="-", "-", '5.13'!F46/'5.13'!$D46*100) -> 64.237905 | G46: =IF('5.13'!G46="-", "-", '5.13'!G46/'5.13'!$D46*100) -> 27.383388 | H46: =IF('5.13'!H46="-", "-", '5.13'!H46/'5.13'!$D46*100) -> 0.61730536 | I46: =IF('5.13'!I46="-", "-", '5.13'!I46/'5.13'!$D46*100) -> 2.9686145 | J46: =IF('5.13'!J46="-", "-", '5.13'!J46/'5.13'!$D46*100) -> 0.23582452 | K46: =IF('5.13'!K46="-", "-", '5.13'!K46/'5.13'!$D46*100) -> 4.2829894 | L46: =IF('5.13'!L46="-", "-", '5.13'!L46/'5.13'!$D46*100) -> 0.23929253 | M46: =IF('5.13'!M46="-", "-", '5.13'!M46/'5.13'!$D46*100) -> 0.031212069 | N46: =IF('5.13'!N46="-", "-", '5.13'!N46/'5.13'!$D46*100) -> 0.0034680076
B47: 8500000 | C47: Ştefan Vodă | D47: 100 | E47: =F47+G47 -> 94.797209 | F47: =IF('5.13'!F47="-", "-", '5.13'!F47/'5.13'!$D47*100) -> 70.497812 | G47: =IF('5.13'!G47="-", "-", '5.13'!G47/'5.13'!$D47*100) -> 24.299397 | H47: =IF('5.13'!H47="-", "-", '5.13'!H47/'5.13'!$D47*100) -> 1.5702968 | I47: =IF('5.13'!I47="-", "-", '5.13'!I47/'5.13'!$D47*100) -> 3.3960033 | J47: =IF('5.13'!J47="-", "-", '5.13'!J47/'5.13'!$D47*100) -> 0.052027906 | K47: =IF('5.13'!K47="-", "-", '5.13'!K47/'5.13'!$D47*100) -> 0.066217335 | L47: =IF('5.13'!L47="-", "-", '5.13'!L47/'5.13'!$D47*100) -> 0.016554334 | M47: =IF('5.13'!M47="-", "-", '5.13'!M47/'5.13'!$D47*100) -> 0.082771668 | N47: =IF('5.13'!N47="-", "-", '5.13'!N47/'5.13'!$D47*100) -> 0.018919239
B48: 8700000 | C48: Taraclia | D48: 100 | E48: =F48+G48 -> 13.270286 | F48: =IF('5.13'!F48="-", "-", '5.13'!F48/'5.13'!$D48*100) -> 12.634765 | G48: =IF('5.13'!G48="-", "-", '5.13'!G48/'5.13'!$D48*100) -> 0.63552109 | H48: =IF('5.13'!H48="-", "-", '5.13'!H48/'5.13'!$D48*100) -> 2.3869869 | I48: =IF('5.13'!I48="-", "-", '5.13'!I48/'5.13'!$D48*100) -> 14.817477 | J48: =IF('5.13'!J48="-", "-", '5.13'!J48/'5.13'!$D48*100) -> 7.4219784 | K48: =IF('5.13'!K48="-", "-", '5.13'!K48/'5.13'!$D48*100) -> 61.395877 | L48: =IF('5.13'!L48="-", "-", '5.13'!L48/'5.13'!$D48*100) -> 0.41989786 | M48: =IF('5.13'!M48="-", "-", '5.13'!M48/'5.13'!$D48*100) -> 0.18157745 | N48: =IF('5.13'!N48="-", "-", '5.13'!N48/'5.13'!$D48*100) -> 0.10592018
B49: 9600000 | C49: UTA Găgăuzia | D49: 100 | E49: =F49+G49 -> 4.6986534 | F49: =IF('5.13'!F49="-", "-", '5.13'!F49/'5.13'!$D49*100) -> 4.5394915 | G49: =IF('5.13'!G49="-", "-", '5.13'!G49/'5.13'!$D49*100) -> 0.15916194 | H49: =IF('5.13'!H49="-", "-", '5.13'!H49/'5.13'!$D49*100) -> 1.2105954 | I49: =IF('5.13'!I49="-", "-", '5.13'!I49/'5.13'!$D49*100) -> 12.051935 | J49: =IF('5.13'!J49="-", "-", '5.13'!J49/'5.13'!$D49*100) -> 77.194506 | K49: =IF('5.13'!K49="-", "-", '5.13'!K49/'5.13'!$D49*100) -> 4.2134506 | L49: =IF('5.13'!L49="-", "-", '5.13'!L49/'5.13'!$D49*100) -> 0.24404831 | M49: =IF('5.13'!M49="-", "-", '5.13'!M49/'5.13'!$D49*100) -> 0.25658834 | N49: =IF('5.13'!N49="-", "-", '5.13'!N49/'5.13'!$D49*100) -> 0.13022341
B51: 1Datele se referă doar la UAT efectiv recenzate și nu includ unitățile administrativ-teritoriale din stânga Nistrului, municipiului Bender (inclusiv satul Proteagailovca), comuna Chițcani (inclusiv satele Merenești și Zahorna), satele Cremenciug și Gîsca din raionul Căușeni, comuna Corjova (inclusiv satul Mahala) din raionul Dubăsari, precum și satul Roghi din cadrul comunei Molovata Nouă, raionul Dubăsari.
B52: ² Datele pentru "Populație" sunt prezentate pentru populația cu reședință obișnuită.
B53: 3Categoria formată prin însumarea răspunsurilor pentru llimbile „Moldovenească” și „Română”, este prezentată cu scop informativ/de analiză.
B54: ”-” = magnitudine zero
B55: ”0,0” = valoare mai mică decât 0,05

Sheet 5.15
B1: Cuprins
B3: =Cuprins!B2 -> Recensământul Populației și Locuințelor 2024: CARACTERISTICI ETNO-CULTURALE
B5: 5.15 Populația după limba maternă pe orașe (municipii) și sate (comune), la recensământul din 20241,2
D6: persoane
B7: Cod statistic CUATM | C7: Regiuni de dezvoltare, raioane/municipii și orașe/sate (comune) | D7: Total | E7: Limba maternă declarată3 | N7: Nu au declarat limba maternă
E8: Moldovenească sau Română | H8: Ucraineană | I8: Rusă | J8: Găgăuză | K8: Bulgară | L8: Romani (Țigănească) | M8: Altă limbă
E9: Total | F9: Moldovenească | G9: Română
B10: A | C10: B | D10: 1 | E10: 2 | F10: 3 | G10: 4 | H10: 5 | I10: 6 | J10: 7 | K10: 8 | L10: 9 | M10: 10 | N10: 11
C11: Total | D11: 2409207 | E11: 1925695 | F11: 1159857 | G11: 765838 | H11: 71878 | I11: 280050 | J11: 87407 | K11: 28839 | L11: 7640 | M11: 6116 | N11: 1582
B12: 100000 | C12: Mun. Chișinău | D12: 720128 | E12: 549740 | F12: 206594 | G12: 343146 | H12: 17601 | I12: 141807 | J12: 2894 | K12: 2539 | L12: 607 | M12: 4177 | N12: 763
B13: 101000 | C13: or. Chișinău, din care pe sectoare | D13: 567038 | E13: 410158 | F13: 149169 | G13: 260989 | H13: 16021 | I13: 131001 | J13: 2575 | K13: 2284 | L13: 497 | M13: 3840 | N13: 662
B14: 110000 | C14: Botanica | D14: 144824 | E14: 98301 | F14: 40446 | G14: 57855 | H14: 4313 | I14: 39895 | J14: 755 | K14: 672 | L14: 72 | M14: 659 | N14: 157
B15: 120000 | C15: Buiucani | D15: 100985 | E15: 77459 | F15: 27405 | G15: 50054 | H15: 2385 | I15: 19775 | J15: 413 | K15: 313 | L15: 90 | M15: 443 | N15: 107
B16: 130000 | C16: Centru | D16: 87230 | E16: 63625 | F16: 21215 | G16: 42410 | H16: 3001 | I16: 17781 | J16: 387 | K16: 355 | L16: 183 | M16: 1738 | N16: 160
B17: 140000 | C17: Ciocana | D17: 105680 | E17: 81894 | F17: 28939 | G17: 52955 | H17: 2468 | I17: 20084 | J17: 354 | K17: 366 | L17: 68 | M17: 346 | N17: 100
B18: 150000 | C18: Rîșcani | D18: 128319 | E18: 88879 | F18: 31164 | G18: 57715 | H18: 3854 | I18: 33466 | J18: 666 | K18: 578 | L18: 84 | M18: 654 | N18: 138
B19: 111000 | C19: or. Sîngera | D19: 12368 | E19: 11829 | F19: 5036 | G19: 6793 | H19: 43 | I19: 452 | J19: 19 | K19: 3 | L19: - | M19: 15 | N19: 7
B20: 121000 | C20: or. Durlești | D20: 26308 | E20: 24002 | F20: 8207 | G20: 15795 | H20: 278 | I20: 1805 | J20: 89 | K20: 44 | L20: 32 | M20: 53 | N20: 5
B21: 122000 | C21: or. Vatra | D21: 3391 | E21: 2582 | F21: 1215 | G21: 1367 | H21: 72 | I21: 651 | J21: 7 | K21: 8 | L21: 42 | M21: 14 | N21: 15
B22: 131000 | C22: or. Codru | D22: 18310 | E22: 15568 | F22: 6148 | G22: 9420 | H22: 377 | I22: 2136 | J22: 71 | K22: 49 | L22: 13 | M22: 67 | N22: 29
B23: 141000 | C23: or. Vadul lui Vodă | D23: 4280 | E23: 3492 | F23: 2415 | G23: 1077 | H23: 79 | I23: 692 | J23: 4 | K23: 7 | L23: - | M23: 6 | N23: -
B24: 151000 | C24: or. Cricova | D24: 9536 | E24: 8095 | F24: 3887 | G24: 4208 | H24: 108 | I24: 1254 | J24: 26 | K24: 21 | L24: 4 | M24: 23 | N24: 5
B25: 112000 | C25: Băcioi | D25: 11663 | E25: 11456 | F25: 5191 | G25: 6265 | H25: 34 | I25: 155 | J25: 1 | K25: 5 | L25: 2 | M25: 8 | N25: 2
B26: 123000 | C26: Condriţa | D26: 547 | E26: 538 | F26: 365 | G26: 173 | H26: 2 | I26: 6 | J26: - | K26: - | L26: - | M26: 1 | N26: -
B27: 125000 | C27: Ghidighici | D27: 5240 | E27: 5042 | F27: 2397 | G27: 2645 | H27: 24 | I27: 147 | J27: 1 | K27: 3 | L27: - | M27: 10 | N27: 13
B28: 126000 | C28: Truşeni | D28: 10937 | E28: 10427 | F28: 3413 | G28: 7014 | H28: 56 | I28: 405 | J28: 5 | K28: 18 | L28: - | M28: 20 | N28: 6
B29: 142000 | C29: Bubuieci | D29: 11152 | E29: 10366 | F29: 4881 | G29: 5485 | H29: 61 | I29: 623 | J29: 23 | K29: 31 | L29: 14 | M29: 29 | N29: 5
B30: 143000 | C30: Budeşti | D30: 4425 | E30: 4207 | F30: 2300 | G30: 1907 | H30: 28 | I30: 162 | J30: 6 | K30: 3 | L30: - | M30: 14 | N30: 5
B31: 144000 | C31: Coloniţa | D31: 3956 | E31: 3813 | F31: 1983 | G31: 1830 | H31: 25 | I31: 109 | J31: 5 | K31: 2 | L31: - | M31: - | N31: 2
B32: 145000 | C32: Cruzeşti | D32: 1709 | E32: 1651 | F32: 713 | G32: 938 | H32: 6 | I32: 48 | J32: 1 | K32: 1 | L32: - | M32: 2 | N32: -
B33: 146000 | C33: Tohatin | D33: 4045 | E33: 3664 | F33: 1419 | G33: 2245 | H33: 37 | I33: 305 | J33: 15 | K33: 8 | L33: - | M33: 13 | N33: 3
B34: 152000 | C34: Ciorescu | D34: 6714 | E34: 5844 | F34: 2388 | G34: 3456 | H34: 137 | I34: 674 | J34: 20 | K34: 19 | L34: 1 | M34: 19 | N34: -
B35: 153000 | C35: Grătieşti | D35: 7299 | E35: 7026 | F35: 2677 | G35: 4349 | H35: 37 | I35: 204 | J35: 10 | K35: 11 | L35: - | M35: 10 | N35: 1
B36: 154000 | C36: Stăuceni | D36: 11210 | E36: 9980 | F36: 2790 | G36: 7190 | H36: 176 | I36: 978 | J36: 16 | K36: 22 | L36: 2 | M36: 33 | N36: 3
C37: Regiunea Nord | D37: 608651 | E37: 482254 | F37: 377084 | G37: 105170 | H37: 38425 | I37: 81610 | J37: 298 | K37: 177 | L37: 5005 | M37: 572 | N37: 310
B38: 300000 | C38: Mun. Bălți | D38: 94546 | E38: 54647 | F38: 34584 | G38: 20063 | H38: 4285 | I38: 35132 | J38: 66 | K38: 41 | L38: 113 | M38: 171 | N38: 91
B39: 301000 | C39: or. Bălți | D39: 90954 | E39: 51702 | F39: 32558 | G39: 19144 | H39: 4233 | I39: 34548 | J39: 65 | K39: 41 | L39: 113 | M39: 169 | N39: 83
B40: 310000 | C40: Elizaveta | D40: 2620 | E40: 2584 | F40: 1717 | G40: 867 | H40: 5 | I40: 28 | J40: 1 | K40: - | L40: - | M40: 2 | N40: -
B41: 311000 | C41: Sadovoe | D41: 972 | E41: 361 | F41: 309 | G41: 52 | H41: 47 | I41: 556 | J41: - | K41: - | L41: - | M41: - | N41: 8
B42: 1400000 | C42: Raionul Briceni | D42: 46894 | E42: 35163 | F42: 29926 | G42: 5237 | H42: 7339 | I42: 4091 | J42: 25 | K42: 8 | L42: 201 | M42: 45 | N42: 22
B43: 1401000 | C43: or. Briceni | D43: 5785 | E43: 2877 | F43: 2238 | G43: 639 | H43: 949 | I43: 1756 | J43: 7 | K43: 2 | L43: 172 | M43: 11 | N43: 11
B44: 1402000 | C44: or. Lipcani | D44: 3569 | E44: 2033 | F44: 1835 | G44: 198 | H44: 330 | I44: 1195 | J44: 5 | K44: - | L44: - | M44: 4 | N44: 2
B45: 1410000 | C45: Balasinești | D45: 1237 | E45: 1231 | F45: 1147 | G45: 84 | H45: 3 | I45: 1 | J45: - | K45: - | L45: - | M45: 2 | N45: -
B46: 1411000 | C46: Beleavinți | D46: 1284 | E46: 802 | F46: 761 | G46: 41 | H46: 419 | I46: 58 | J46: 2 | K46: - | L46: - | M46: 1 | N46: 2
B47: 1412000 | C47: Bălcăuți | D47: 339 | E47: 85 | F47: 84 | G47: 1 | H47: 165 | I47: 87 | J47: - | K47: - | L47: - | M47: 1 | N47: 1
B48: 1413000 | C48: Berlinți | D48: 1136 | E48: 269 | F48: 268 | G48: 1 | H48: 728 | I48: 135 | J48: 2 | K48: 1 | L48: - | M48: - | N48: 1
B49: 1414000 | C49: Bogdănești | D49: 891 | E49: 123 | F49: 123 | G49: - | H49: 598 | I49: 169 | J49: - | K49: 1 | L49: - | M49: - | N49: -
B50: 1415000 | C50: Bulboaca | D50: 509 | E50: 504 | F50: 489 | G50: 15 | H50: 3 | I50: 2 | J50: - | K50: - | L50: - | M50: - | N50: -
B51: 1416000 | C51: Caracușenii Vechi | D51: 2629 | E51: 2611 | F51: 2197 | G51: 414 | H51: 5 | I51: 9 | J51: - | K51: 1 | L51: - | M51: 3 | N51: -
B52: 1417000 | C52: Colicăuți | D52: 2025 | E52: 1851 | F52: 1441 | G52: 410 | H52: 147 | I52: 24 | J52: - | K52: - | L52: - | M52: 3 | N52: -
B53: 1418000 | C53: Corjeuți | D53: 4495 | E53: 4449 | F53: 3406 | G53: 1043 | H53: 23 | I53: 17 | J53: - | K53: - | L53: - | M53: 6 | N53: -
B54: 1419000 | C54: Coteala | D54: 1338 | E54: 1314 | F54: 1128 | G54: 186 | H54: 9 | I54: 13 | J54: - | K54: - | L54: 1 | M54: 1 | N54: -
B55: 1420000 | C55: Cotiujeni | D55: 2200 | E55: 2170 | F55: 2051 | G55: 119 | H55: 8 | I55: 20 | J55: - | K55: - | L55: - | M55: 2 | N55: -
B56: 1421000 | C56: Criva | D56: 920 | E56: 898 | F56: 818 | G56: 80 | H56: 13 | I56: 4 | J56: - | K56: - | L56: - | M56: 5 | N56: -
B57: 1422000 | C57: Drepcăuți | D57: 1316 | E57: 1270 | F57: 1048 | G57: 222 | H57: 21 | I57: 22 | J57: - | K57: - | L57: - | M57: 3 | N57: -
B58: 1423000 | C58: Grimăncăuți | D58: 2854 | E58: 2810 | F58: 2664 | G58: 146 | H58: 8 | I58: 15 | J58: - | K58: - | L58: 19 | M58: 1 | N58: 1
B59: 1424000 | C59: Halahora de Sus | D59: 951 | E59: 107 | F59: 107 | G59: - | H59: 711 | I59: 132 | J59: - | K59: - | L59: - | M59: - | N59: 1
B60: 1425000 | C60: Hlina | D60: 647 | E60: 618 | F60: 525 | G60: 93 | H60: 20 | I60: 9 | J60: - | K60: - | L60: - | M60: - | N60: -
B61: 1426000 | C61: Larga | D61: 2977 | E61: 2934 | F61: 2471 | G61: 463 | H61: 25 | I61: 14 | J61: - | K61: 1 | L61: - | M61: - | N61: 3
B62: 1427000 | C62: Mărcăuți | D62: 863 | E62: 553 | F62: 529 | G62: 24 | H62: 232 | I62: 71 | J62: 7 | K62: - | L62: - | M62: - | N62: -
B63: 1428000 | C63: Medveja | D63: 885 | E63: 60 | F63: 59 | G63: 1 | H63: 786 | I63: 38 | J63: - | K63: - | L63: - | M63: 1 | N63: -
B64: 1429000 | C64: Mihăileni | D64: 392 | E64: 78 | F64: 78 | G64: - | H64: 297 | I64: 16 | J64: - | K64: - | L64: - | M64: 1 | N64: -
B65: 1430000 | C65: Pererita | D65: 939 | E65: 918 | F65: 703 | G65: 215 | H65: 10 | I65: 11 | J65: - | K65: - | L65: - | M65: - | N65: -
B66: 1431000 | C66: Slobozia-Șirăuți | D66: 689 | E66: 126 | F66: 122 | G66: 4 | H66: 365 | I66: 198 | J66: - | K66: - | L66: - | M66: - | N66: -
B67: 1432000 | C67: Șirăuți | D67: 1217 | E67: 1194 | F67: 831 | G67: 363 | H67: 10 | I67: 13 | J67: - | K67: - | L67: - | M67: - | N67: -
B68: 1433000 | C68: Tabani | D68: 1807 | E68: 1788 | F68: 1461 | G68: 327 | H68: 8 | I68: 9 | J68: - | K68: 1 | L68: 1 | M68: - | N68: -
B69: 1434000 | C69: Tețcani | D69: 1701 | E69: 219 | F69: 214 | G69: 5 | H69: 1436 | I69: 45 | J69: - | K69: 1 | L69: - | M69: - | N69: -
B70: 1435000 | C70: Trebisăuți | D70: 1299 | E70: 1271 | F70: 1128 | G70: 143 | H70: 10 | I70: 8 | J70: 2 | K70: - | L70: 8 | M70: - | N70: -
B71: 3400000 | C71: Raionul Dondușeni | D71: 28108 | E71: 22966 | F71: 18781 | G71: 4185 | H71: 1754 | I71: 3248 | J71: 8 | K71: 9 | L71: 89 | M71: 26 | N71: 8
B72: 3401000 | C72: or. Dondușeni | D72: 5987 | E72: 4082 | F72: 2979 | G72: 1103 | H72: 463 | I72: 1416 | J72: 3 | K72: 4 | L72: 7 | M72: 9 | N72: 3
B73: 3410000 | C73: Arionești | D73: 1033 | E73: 1005 | F73: 963 | G73: 42 | H73: 11 | I73: 15 | J73: - | K73: - | L73: - | M73: 2 | N73: -
B74: 3411000 | C74: Baraboi | D74: 2148 | E74: 2115 | F74: 1633 | G74: 482 | H74: 17 | I74: 9 | J74: - | K74: - | L74: 5 | M74: 2 | N74: -
B75: 3412000 | C75: Briceni | D75: 437 | E75: 418 | F75: 350 | G75: 68 | H75: 7 | I75: 12 | J75: - | K75: - | L75: - | M75: - | N75: -
B76: 3413000 | C76: Cernoleuca | D76: 1151 | E76: 1143 | F76: 737 | G76: 406 | H76: 2 | I76: 4 | J76: - | K76: - | L76: - | M76: 2 | N76: -
B77: 3414000 | C77: Climăuți | D77: 701 | E77: 695 | F77: 677 | G77: 18 | H77: 4 | I77: 2 | J77: - | K77: - | L77: - | M77: - | N77: -
B78: 3415000 | C78: Corbu | D78: 805 | E78: 795 | F78: 736 | G78: 59 | H78: 3 | I78: 7 | J78: - | K78: - | L78: - | M78: - | N78: -
B79: 3416000 | C79: Crișcăuți | D79: 735 | E79: 721 | F79: 677 | G79: 44 | H79: 6 | I79: 8 | J79: - | K79: - | L79: - | M79: - | N79: -
B80: 3417000 | C80: Dondușeni | D80: 994 | E80: 948 | F80: 852 | G80: 96 | H80: 14 | I80: 29 | J80: 1 | K80: 1 | L80: - | M80: 1 | N80: -
B81: 3417100 | C81: Elizavetovca | D81: 339 | E81: 80 | F81: 78 | G81: 2 | H81: 117 | I81: 142 | J81: - | K81: - | L81: - | M81: - | N81: -
B82: 3418000 | C82: Frasin | D82: 1313 | E82: 1151 | F82: 734 | G82: 417 | H82: 101 | I82: 61 | J82: - | K82: - | L82: - | M82: - | N82: -
B83: 3419000 | C83: Horodiște | D83: 584 | E83: 581 | F83: 570 | G83: 11 | H83: 1 | I83: 1 | J83: - | K83: - | L83: - | M83: 1 | N83: -
B84: 3420000 | C84: Moșana | D84: 1265 | E84: 263 | F84: 262 | G84: 1 | H84: 769 | I84: 230 | J84: - | K84: 1 | L84: - | M84: - | N84: 2
B85: 3421000 | C85: Pivniceni | D85: 408 | E85: 402 | F85: 382 | G85: 20 | H85: - | I85: 6 | J85: - | K85: - | L85: - | M85: - | N85: -
B86: 3422000 | C86: Plop | D86: 936 | E86: 922 | F86: 881 | G86: 41 | H86: 3 | I86: 9 | J86: - | K86: - | L86: - | M86: - | N86: 2
B87: 3423000 | C87: Pocrovca | D87: 940 | E87: 29 | F87: 29 | G87: - | H87: 20 | I87: 890 | J87: - | K87: - | L87: - | M87: 1 | N87: -
B88: 3424000 | C88: Rediul Mare | D88: 613 | E88: 592 | F88: 524 | G88: 68 | H88: 9 | I88: 10 | J88: 2 | K88: - | L88: - | M88: - | N88: -
B89: 3425000 | C89: Scăieni | D89: 1044 | E89: 1039 | F89: 557 | G89: 482 | H89: 3 | I89: 2 | J89: - | K89: - | L89: - | M89: - | N89: -
B90: 3426000 | C90: Sudarca | D90: 1272 | E90: 1260 | F90: 1149 | G90: 111 | H90: 2 | I90: 8 | J90: - | K90: - | L90: - | M90: 2 | N90: -
B91: 3427000 | C91: Teleșeuca | D91: 533 | E91: 410 | F91: 396 | G91: 14 | H91: 50 | I91: 73 | J91: - | K91: - | L91: - | M91: - | N91: -
B92: 3428000 | C92: Tîrnova | D92: 2923 | E92: 2450 | F92: 2329 | G92: 121 | H92: 118 | I92: 273 | J92: 2 | K92: - | L92: 77 | M92: 2 | N92: 1
B93: 3429000 | C93: Țaul | D93: 1947 | E93: 1865 | F93: 1286 | G93: 579 | H93: 34 | I93: 41 | J93: - | K93: 3 | L93: - | M93: 4 | N93: -
B94: 3600000 | C94: Raionul Drochia | D94: 53738 | E94: 48043 | F94: 39491 | G94: 8552 | H94: 2085 | I94: 3385 | J94: 21 | K94: 14 | L94: 149 | M94: 26 | N94: 15
B95: 3601000 | C95: or. Drochia | D95: 12939 | E95: 10819 | F95: 7656 | G95: 3163 | H95: 395 | I95: 1681 | J95: 6 | K95: 8 | L95: 21 | M95: 6 | N95: 3
B96: 3610000 | C96: Antoneuca | D96: 274 | E96: 272 | F96: 251 | G96: 21 | H96: - | I96: 2 | J96: - | K96: - | L96: - | M96: - | N96: -
B97: 3611000 | C97: Baroncea | D97: 1028 | E97: 321 | F97: 314 | G97: 7 | H97: 383 | I97: 321 | J97: - | K97: - | L97: 3 | M97: - | N97: -
B98: 3612000 | C98: Chetrosu | D98: 3388 | E98: 3342 | F98: 2761 | G98: 581 | H98: 3 | I98: 16 | J98: - | K98: - | L98: 24 | M98: - | N98: 3
B99: 3613000 | C99: Cotova | D99: 1785 | E99: 1674 | F99: 1532 | G99: 142 | H99: 70 | I99: 40 | J99: - | K99: - | L99: - | M99: - | N99: 1
B100: 3614000 | C100: Dominteni | D100: 745 | E100: 731 | F100: 641 | G100: 90 | H100: 9 | I100: 5 | J100: - | K100: - | L100: - | M100: - | N100: -
B101: 3615000 | C101: Drochia | D101: 1908 | E101: 1895 | F101: 1797 | G101: 98 | H101: 1 | I101: 4 | J101: - | K101: - | L101: 8 | M101: - | N101: -
B102: 3616000 | C102: Gribova | D102: 1194 | E102: 1154 | F102: 1035 | G102: 119 | H102: 8 | I102: 21 | J102: - | K102: - | L102: 11 | M102: - | N102: -
...

Sheet 5.16
B1: Cuprins
B3: =Cuprins!B2 -> Recensământul Populației și Locuințelor 2024: CARACTERISTICI ETNO-CULTURALE
B5: 5.16 Structura populației după limba maternă pe orașe (municipii) și sate (comune), la recensământul din 20241,2
N6: %
B7: Cod statistic CUATM | C7: Regiuni de dezvoltare, raioane/municipii și orașe/sate (comune) | D7: Total | E7: Limba maternă declarată3 | N7: Nu au declarat limba maternă
E8: Moldovenească sau Română | H8: Ucraineană | I8: Rusă | J8: Găgăuză | K8: Bulgară | L8: Romani (Țigănească) | M8: Altă limbă
E9: Total | F9: Moldovenească | G9: Română
B10: A | C10: B | D10: 1 | E10: 2 | F10: 3 | G10: 4 | H10: 5 | I10: 6 | J10: 7 | K10: 8 | L10: 9 | M10: 10 | N10: 11
C11: Total | D11: 100 | E11: 79.930658 | F11: 48.142688 | G11: 31.78797 | H11: 2.9834713 | I11: 11.624157 | J11: 3.6280403 | K11: 1.1970329 | L11: 0.31711679 | M11: 0.25385946 | N11: 0.06566476
B12: 100000 | C12: Mun. Chișinău | D12: 100 | E12: 76.339206 | F12: 28.688511 | G12: 47.650695 | H12: 2.4441488 | I12: 19.691916 | J12: 0.401873 | K12: 0.35257621 | L12: 0.084290571 | M12: 0.58003577 | N12: 0.10595339
B13: 101000 | C13: or. Chișinău, din care pe sectoare | D13: 100 | E13: 72.333424 | F13: 26.306703 | G13: 46.026721 | H13: 2.8253838 | I13: 23.102684 | J13: 0.45411419 | K13: 0.40279487 | L13: 0.087648447 | M13: 0.67720329 | N13: 0.11674703
B14: 110000 | C14: Botanica | D14: 100 | E14: 67.876181 | F14: 27.927692 | G14: 39.948489 | H14: 2.9780976 | I14: 27.54723 | J14: 0.52132243 | K14: 0.46401149 | L14: 0.049715517 | M14: 0.45503508 | N14: 0.10840745
B15: 120000 | C15: Buiucani | D15: 100 | E15: 76.703471 | F15: 27.137694 | G15: 49.565777 | H15: 2.3617369 | I15: 19.582116 | J15: 0.40897163 | K15: 0.30994702 | L15: 0.089122147 | M15: 0.43867901 | N15: 0.10595633
B16: 130000 | C16: Centru | D16: 100 | E16: 72.939356 | F16: 24.320761 | G16: 48.618595 | H16: 3.4403302 | I16: 20.384042 | J16: 0.44365471 | K16: 0.40697008 | L16: 0.20979021 | M16: 1.9924338 | N16: 0.18342313
B17: 140000 | C17: Ciocana | D17: 100 | E17: 77.49243 | F17: 27.383611 | G17: 50.108819 | H17: 2.335352 | I17: 19.004542 | J17: 0.3349735 | K17: 0.34632854 | L17: 0.064345193 | M17: 0.32740348 | N17: 0.094625284
B18: 150000 | C18: Rîșcani | D18: 100 | E18: 69.2641 | F18: 24.286349 | G18: 44.977751 | H18: 3.0034523 | I18: 26.080315 | J18: 0.51901901 | K18: 0.45043992 | L18: 0.065461857 | M18: 0.50966731 | N18: 0.10754448
B19: 111000 | C19: or. Sîngera | D19: 100 | E19: 95.641979 | F19: 40.717982 | G19: 54.923997 | H19: 0.34767141 | I19: 3.6545925 | J19: 0.15362225 | K19: 0.024256145 | L19: - | M19: 0.12128072 | N19: 0.056597671
B20: 121000 | C20: or. Durlești | D20: 100 | E20: 91.234605 | F20: 31.195834 | G20: 60.038771 | H20: 1.0567128 | I20: 6.8610309 | J20: 0.33830014 | K20: 0.16724951 | L20: 0.121636 | M20: 0.20145963 | N20: 0.019005626
B21: 122000 | C21: or. Vatra | D21: 100 | E21: 76.142731 | F21: 35.830139 | G21: 40.312592 | H21: 2.1232675 | I21: 19.197877 | J21: 0.20642878 | K21: 0.23591861 | L21: 1.2385727 | M21: 0.41285756 | N21: 0.44234739
B22: 131000 | C22: or. Codru | D22: 100 | E22: 85.024577 | F22: 33.57728 | G22: 51.447297 | H22: 2.0589842 | I22: 11.665756 | J22: 0.38776625 | K22: 0.26761333 | L22: 0.070999454 | M22: 0.36592026 | N22: 0.1583834
B23: 141000 | C23: or. Vadul lui Vodă | D23: 100 | E23: 81.588785 | F23: 56.425234 | G23: 25.163551 | H23: 1.8457944 | I23: 16.168224 | J23: 0.093457944 | K23: 0.1635514 | L23: - | M23: 0.14018692 | N23: -
B24: 151000 | C24: or. Cricova | D24: 100 | E24: 84.888842 | F24: 40.761326 | G24: 44.127517 | H24: 1.1325503 | I24: 13.150168 | J24: 0.27265101 | K24: 0.22021812 | L24: 0.041946309 | M24: 0.24119128 | N24: 0.052432886
B25: 112000 | C25: Băcioi | D25: 100 | E25: 98.225156 | F25: 44.508274 | G25: 53.716882 | H25: 0.29152019 | I25: 1.3289891 | J25: 0.0085741233 | K25: 0.042870616 | L25: 0.017148247 | M25: 0.068592986 | N25: 0.017148247
B26: 123000 | C26: Condriţa | D26: 100 | E26: 98.354662 | F26: 66.727605 | G26: 31.627057 | H26: 0.36563071 | I26: 1.0968921 | J26: - | K26: - | L26: - | M26: 0.18281536 | N26: -
B27: 125000 | C27: Ghidighici | D27: 100 | E27: 96.221374 | F27: 45.744275 | G27: 50.477099 | H27: 0.45801527 | I27: 2.8053435 | J27: 0.019083969 | K27: 0.057251908 | L27: - | M27: 0.19083969 | N27: 0.2480916
B28: 126000 | C28: Truşeni | D28: 100 | E28: 95.33693 | F28: 31.205998 | G28: 64.130932 | H28: 0.51202341 | I28: 3.7030264 | J28: 0.045716376 | K28: 0.16457895 | L28: - | M28: 0.1828655 | N28: 0.054859651
B29: 142000 | C29: Bubuieci | D29: 100 | E29: 92.951937 | F29: 43.767934 | G29: 49.184003 | H29: 0.54698709 | I29: 5.5864419 | J29: 0.20624103 | K29: 0.27797704 | L29: 0.12553802 | M29: 0.26004304 | N29: 0.044835007
B30: 143000 | C30: Budeşti | D30: 100 | E30: 95.073446 | F30: 51.977401 | G30: 43.096045 | H30: 0.63276836 | I30: 3.6610169 | J30: 0.13559322 | K30: 0.06779661 | L30: - | M30: 0.31638418 | N30: 0.11299435
B31: 144000 | C31: Coloniţa | D31: 100 | E31: 96.385238 | F31: 50.12639 | G31: 46.258847 | H31: 0.63195147 | I31: 2.7553084 | J31: 0.12639029 | K31: 0.050556117 | L31: - | M31: - | N31: 0.050556117
B32: 145000 | C32: Cruzeşti | D32: 100 | E32: 96.606202 | F32: 41.720304 | G32: 54.885898 | H32: 0.3510825 | I32: 2.80866 | J32: 0.058513751 | K32: 0.058513751 | L32: - | M32: 0.1170275 | N32: -
B33: 146000 | C33: Tohatin | D33: 100 | E33: 90.580964 | F33: 35.080346 | G33: 55.500618 | H33: 0.91470952 | I33: 7.5401731 | J33: 0.37082818 | K33: 0.19777503 | L33: - | M33: 0.32138443 | N33: 0.074165637
B34: 152000 | C34: Ciorescu | D34: 100 | E34: 87.042002 | F34: 35.567471 | G34: 51.474531 | H34: 2.0405124 | I34: 10.038725 | J34: 0.29788502 | K34: 0.28299077 | L34: 0.014894251 | M34: 0.28299077 | N34: -
B35: 153000 | C35: Grătieşti | D35: 100 | E35: 96.259762 | F35: 36.676257 | G35: 59.583505 | H35: 0.50691876 | I35: 2.7949034 | J35: 0.13700507 | K35: 0.15070558 | L35: - | M35: 0.13700507 | N35: 0.013700507
B36: 154000 | C36: Stăuceni | D36: 100 | E36: 89.027654 | F36: 24.888492 | G36: 64.139161 | H36: 1.5700268 | I36: 8.7243533 | J36: 0.14272971 | K36: 0.19625335 | L36: 0.017841213 | M36: 0.29438002 | N36: 0.02676182
C37: Regiunea Nord | D37: 100 | E37: 79.233255 | F37: 61.954059 | G37: 17.279196 | H37: 6.3131417 | I37: 13.408341 | J37: 0.048960734 | K37: 0.029080705 | L37: 0.82231032 | M37: 0.093978323 | N37: 0.050932308
B38: 300000 | C38: Mun. Bălți | D38: 100 | E38: 57.799378 | F38: 36.57902 | G38: 21.220358 | H38: 4.5321854 | I38: 37.158632 | J38: 0.06980729 | K38: 0.043365134 | L38: 0.11951854 | M38: 0.18086434 | N38: 0.096249445
B39: 301000 | C39: or. Bălți | D39: 100 | E39: 56.844119 | F39: 35.796117 | G39: 21.048002 | H39: 4.6540009 | I39: 37.984036 | J39: 0.071464696 | K39: 0.045077732 | L39: 0.12423863 | M39: 0.18580821 | N39: 0.09125492
B40: 310000 | C40: Elizaveta | D40: 100 | E40: 98.625954 | F40: 65.534351 | G40: 33.091603 | H40: 0.19083969 | I40: 1.0687023 | J40: 0.038167939 | K40: - | L40: - | M40: 0.076335878 | N40: -
B41: 311000 | C41: Sadovoe | D41: 100 | E41: 37.139918 | F41: 31.790123 | G41: 5.3497942 | H41: 4.8353909 | I41: 57.201646 | J41: - | K41: - | L41: - | M41: - | N41: 0.82304527
B42: 1400000 | C42: Raionul Briceni | D42: 100 | E42: 74.984006 | F42: 63.816266 | G42: 11.16774 | H42: 15.65019 | I42: 8.7239306 | J42: 0.053311724 | K42: 0.017059752 | L42: 0.42862626 | M42: 0.095961104 | N42: 0.046914317
B43: 1401000 | C43: or. Briceni | D43: 100 | E43: 49.732066 | F43: 38.686258 | G43: 11.045808 | H43: 16.404494 | I43: 30.354365 | J43: 0.12100259 | K43: 0.034572169 | L43: 2.9732066 | M43: 0.19014693 | N43: 0.19014693
B44: 1402000 | C44: or. Lipcani | D44: 100 | E44: 56.962735 | F44: 51.414962 | G44: 5.5477725 | H44: 9.2462875 | I44: 33.482768 | J44: 0.14009526 | K44: - | L44: - | M44: 0.11207621 | N44: 0.056038106
B45: 1410000 | C45: Balasinești | D45: 100 | E45: 99.514956 | F45: 92.724333 | G45: 6.7906225 | H45: 0.24252223 | I45: 0.080840744 | J45: - | K45: - | L45: - | M45: 0.16168149 | N45: -
B46: 1411000 | C46: Beleavinți | D46: 100 | E46: 62.461059 | F46: 59.267913 | G46: 3.1931464 | H46: 32.632399 | I46: 4.517134 | J46: 0.15576324 | K46: - | L46: - | M46: 0.07788162 | N46: 0.15576324
B47: 1412000 | C47: Bălcăuți | D47: 100 | E47: 25.073746 | F47: 24.778761 | G47: 0.29498525 | H47: 48.672566 | I47: 25.663717 | J47: - | K47: - | L47: - | M47: 0.29498525 | N47: 0.29498525
B48: 1413000 | C48: Berlinți | D48: 100 | E48: 23.679577 | F48: 23.591549 | G48: 0.088028169 | H48: 64.084507 | I48: 11.883803 | J48: 0.17605634 | K48: 0.088028169 | L48: - | M48: - | N48: 0.088028169
B49: 1414000 | C49: Bogdănești | D49: 100 | E49: 13.804714 | F49: 13.804714 | G49: - | H49: 67.1156 | I49: 18.967452 | J49: - | K49: 0.11223345 | L49: - | M49: - | N49: -
B50: 1415000 | C50: Bulboaca | D50: 100 | E50: 99.017682 | F50: 96.070727 | G50: 2.9469548 | H50: 0.58939096 | I50: 0.39292731 | J50: - | K50: - | L50: - | M50: - | N50: -
B51: 1416000 | C51: Caracușenii Vechi | D51: 100 | E51: 99.315329 | F51: 83.567897 | G51: 15.747432 | H51: 0.19018638 | I51: 0.34233549 | J51: - | K51: 0.038037277 | L51: - | M51: 0.11411183 | N51: -
B52: 1417000 | C52: Colicăuți | D52: 100 | E52: 91.407407 | F52: 71.160494 | G52: 20.246914 | H52: 7.2592593 | I52: 1.1851852 | J52: - | K52: - | L52: - | M52: 0.14814815 | N52: -
B53: 1418000 | C53: Corjeuți | D53: 100 | E53: 98.976641 | F53: 75.773081 | G53: 23.20356 | H53: 0.51167964 | I53: 0.378198 | J53: - | K53: - | L53: - | M53: 0.13348165 | N53: -
B54: 1419000 | C54: Coteala | D54: 100 | E54: 98.206278 | F54: 84.304933 | G54: 13.901345 | H54: 0.67264574 | I54: 0.9715994 | J54: - | K54: - | L54: 0.074738416 | M54: 0.074738416 | N54: -
B55: 1420000 | C55: Cotiujeni | D55: 100 | E55: 98.636364 | F55: 93.227273 | G55: 5.4090909 | H55: 0.36363636 | I55: 0.90909091 | J55: - | K55: - | L55: - | M55: 0.090909091 | N55: -
B56: 1421000 | C56: Criva | D56: 100 | E56: 97.608696 | F56: 88.913043 | G56: 8.6956522 | H56: 1.4130435 | I56: 0.43478261 | J56: - | K56: - | L56: - | M56: 0.54347826 | N56: -
B57: 1422000 | C57: Drepcăuți | D57: 100 | E57: 96.504559 | F57: 79.635258 | G57: 16.869301 | H57: 1.5957447 | I57: 1.6717325 | J57: - | K57: - | L57: - | M57: 0.22796353 | N57: -
B58: 1423000 | C58: Grimăncăuți | D58: 100 | E58: 98.458304 | F58: 93.342677 | G58: 5.1156272 | H58: 0.28030834 | I58: 0.52557814 | J58: - | K58: - | L58: 0.66573231 | M58: 0.035038542 | N58: 0.035038542
B59: 1424000 | C59: Halahora de Sus | D59: 100 | E59: 11.251314 | F59: 11.251314 | G59: - | H59: 74.763407 | I59: 13.880126 | J59: - | K59: - | L59: - | M59: - | N59: 0.10515247
B60: 1425000 | C60: Hlina | D60: 100 | E60: 95.517774 | F60: 81.14374 | G60: 14.374034 | H60: 3.0911901 | I60: 1.3910355 | J60: - | K60: - | L60: - | M60: - | N60: -
B61: 1426000 | C61: Larga | D61: 100 | E61: 98.555593 | F61: 83.003023 | G61: 15.55257 | H61: 0.83977158 | I61: 0.47027209 | J61: - | K61: 0.033590863 | L61: - | M61: - | N61: 0.10077259
B62: 1427000 | C62: Mărcăuți | D62: 100 | E62: 64.078795 | F62: 61.297798 | G62: 2.7809965 | H62: 26.882966 | I62: 8.2271147 | J62: 0.81112399 | K62: - | L62: - | M62: - | N62: -
B63: 1428000 | C63: Medveja | D63: 100 | E63: 6.779661 | F63: 6.6666667 | G63: 0.11299435 | H63: 88.813559 | I63: 4.2937853 | J63: - | K63: - | L63: - | M63: 0.11299435 | N63: -
B64: 1429000 | C64: Mihăileni | D64: 100 | E64: 19.897959 | F64: 19.897959 | G64: - | H64: 75.765306 | I64: 4.0816327 | J64: - | K64: - | L64: - | M64: 0.25510204 | N64: -
B65: 1430000 | C65: Pererita | D65: 100 | E65: 97.763578 | F65: 74.86688 | G65: 22.896699 | H65: 1.0649627 | I65: 1.171459 | J65: - | K65: - | L65: - | M65: - | N65: -
B66: 1431000 | C66: Slobozia-Șirăuți | D66: 100 | E66: 18.287373 | F66: 17.706821 | G66: 0.58055152 | H66: 52.975327 | I66: 28.7373 | J66: - | K66: - | L66: - | M66: - | N66: -
B67: 1432000 | C67: Șirăuți | D67: 100 | E67: 98.110107 | F67: 68.282662 | G67: 29.827445 | H67: 0.82169269 | I67: 1.0682005 | J67: - | K67: - | L67: - | M67: - | N67: -
B68: 1433000 | C68: Tabani | D68: 100 | E68: 98.948533 | F68: 80.852241 | G68: 18.096292 | H68: 0.44272274 | I68: 0.49806309 | J68: - | K68: 0.055340343 | L68: 0.055340343 | M68: - | N68: -
B69: 1434000 | C69: Tețcani | D69: 100 | E69: 12.87478 | F69: 12.580835 | G69: 0.29394474 | H69: 84.420929 | I69: 2.6455026 | J69: - | K69: 0.058788948 | L69: - | M69: - | N69: -
B70: 1435000 | C70: Trebisăuți | D70: 100 | E70: 97.844496 | F70: 86.836028 | G70: 11.008468 | H70: 0.76982294 | I70: 0.61585835 | J70: 0.15396459 | K70: - | L70: 0.61585835 | M70: - | N70: -
B71: 3400000 | C71: Raionul Dondușeni | D71: 100 | E71: 81.706276 | F71: 66.817276 | G71: 14.889 | H71: 6.2402163 | I71: 11.555429 | J71: 0.028461648 | K71: 0.032019354 | L71: 0.31663583 | M71: 0.092500356 | N71: 0.028461648
B72: 3401000 | C72: or. Dondușeni | D72: 100 | E72: 68.181059 | F72: 49.757809 | G72: 18.42325 | H72: 7.7334224 | I72: 23.651244 | J72: 0.050108569 | K72: 0.066811425 | L72: 0.11691999 | M72: 0.15032571 | N72: 0.050108569
B73: 3410000 | C73: Arionești | D73: 100 | E73: 97.289448 | F73: 93.223621 | G73: 4.0658277 | H73: 1.0648596 | I73: 1.4520813 | J73: - | K73: - | L73: - | M73: 0.19361084 | N73: -
B74: 3411000 | C74: Baraboi | D74: 100 | E74: 98.463687 | F74: 76.024209 | G74: 22.439479 | H74: 0.79143389 | I74: 0.41899441 | J74: - | K74: - | L74: 0.23277467 | M74: 0.09310987 | N74: -
B75: 3412000 | C75: Briceni | D75: 100 | E75: 95.652174 | F75: 80.091533 | G75: 15.560641 | H75: 1.6018307 | I75: 2.7459954 | J75: - | K75: - | L75: - | M75: - | N75: -
B76: 3413000 | C76: Cernoleuca | D76: 100 | E76: 99.304952 | F76: 64.031277 | G76: 35.273675 | H76: 0.17376195 | I76: 0.34752389 | J76: - | K76: - | L76: - | M76: 0.17376195 | N76: -
B77: 3414000 | C77: Climăuți | D77: 100 | E77: 99.14408 | F77: 96.57632 | G77: 2.5677603 | H77: 0.57061341 | I77: 0.2853067 | J77: - | K77: - | L77: - | M77: - | N77: -
B78: 3415000 | C78: Corbu | D78: 100 | E78: 98.757764 | F78: 91.428571 | G78: 7.3291925 | H78: 0.37267081 | I78: 0.86956522 | J78: - | K78: - | L78: - | M78: - | N78: -
B79: 3416000 | C79: Crișcăuți | D79: 100 | E79: 98.095238 | F79: 92.108844 | G79: 5.9863946 | H79: 0.81632653 | I79: 1.0884354 | J79: - | K79: - | L79: - | M79: - | N79: -
B80: 3417000 | C80: Dondușeni | D80: 100 | E80: 95.372233 | F80: 85.714286 | G80: 9.6579477 | H80: 1.4084507 | I80: 2.917505 | J80: 0.10060362 | K80: 0.10060362 | L80: - | M80: 0.10060362 | N80: -
B81: 3417100 | C81: Elizavetovca | D81: 100 | E81: 23.59882 | F81: 23.00885 | G81: 0.5899705 | H81: 34.513274 | I81: 41.887906 | J81: - | K81: - | L81: - | M81: - | N81: -
B82: 3418000 | C82: Frasin | D82: 100 | E82: 87.661843 | F82: 55.902513 | G82: 31.75933 | H82: 7.6923077 | I82: 4.6458492 | J82: - | K82: - | L82: - | M82: - | N82: -
B83: 3419000 | C83: Horodiște | D83: 100 | E83: 99.486301 | F83: 97.60274 | G83: 1.8835616 | H83: 0.17123288 | I83: 0.17123288 | J83: - | K83: - | L83: - | M83: 0.17123288 | N83: -
B84: 3420000 | C84: Moșana | D84: 100 | E84: 20.790514 | F84: 20.711462 | G84: 0.079051383 | H84: 60.790514 | I84: 18.181818 | J84: - | K84: 0.079051383 | L84: - | M84: - | N84: 0.15810277
B85: 3421000 | C85: Pivniceni | D85: 100 | E85: 98.529412 | F85: 93.627451 | G85: 4.9019608 | H85: - | I85: 1.4705882 | J85: - | K85: - | L85: - | M85: - | N85: -
B86: 3422000 | C86: Plop | D86: 100 | E86: 98.504274 | F86: 94.123932 | G86: 4.3803419 | H86: 0.32051282 | I86: 0.96153846 | J86: - | K86: - | L86: - | M86: - | N86: 0.21367521
B87: 3423000 | C87: Pocrovca | D87: 100 | E87: 3.0851064 | F87: 3.0851064 | G87: - | H87: 2.1276596 | I87: 94.680851 | J87: - | K87: - | L87: - | M87: 0.10638298 | N87: -
B88: 3424000 | C88: Rediul Mare | D88: 100 | E88: 96.574225 | F88: 85.48124 | G88: 11.092985 | H88: 1.4681892 | I88: 1.6313214 | J88: 0.32626427 | K88: - | L88: - | M88: - | N88: -
B89: 3425000 | C89: Scăieni | D89: 100 | E89: 99.521073 | F89: 53.35249 | G89: 46.168582 | H89: 0.28735632 | I89: 0.19157088 | J89: - | K89: - | L89: - | M89: - | N89: -
B90: 3426000 | C90: Sudarca | D90: 100 | E90: 99.056604 | F90: 90.330189 | G90: 8.7264151 | H90: 0.1572327 | I90: 0.62893082 | J90: - | K90: - | L90: - | M90: 0.1572327 | N90: -
B91: 3427000 | C91: Teleșeuca | D91: 100 | E91: 76.923077 | F91: 74.296435 | G91: 2.6266417 | H91: 9.380863 | I91: 13.69606 | J91: - | K91: - | L91: - | M91: - | N91: -
B92: 3428000 | C92: Tîrnova | D92: 100 | E92: 83.817995 | F92: 79.678413 | G92: 4.1395826 | H92: 4.0369483 | I92: 9.3397195 | J92: 0.068422853 | K92: - | L92: 2.6342798 | M92: 0.068422853 | N92: 0.034211427
B93: 3429000 | C93: Țaul | D93: 100 | E93: 95.788392 | F93: 66.050334 | G93: 29.738059 | H93: 1.7462763 | I93: 2.1058038 | J93: - | K93: 0.1540832 | L93: - | M93: 0.20544427 | N93: -
B94: 3600000 | C94: Raionul Drochia | D94: 100 | E94: 89.402285 | F94: 73.488035 | G94: 15.914251 | H94: 3.879936 | I94: 6.2990807 | J94: 0.039078492 | K94: 0.026052328 | L94: 0.2772712 | M94: 0.048382895 | N94: 0.027913209
B95: 3601000 | C95: or. Drochia | D95: 100 | E95: 83.615426 | F95: 59.169951 | G95: 24.445475 | H95: 3.0527862 | I95: 12.99173 | J95: 0.046371435 | K95: 0.06182858 | L95: 0.16230002 | M95: 0.046371435 | N95: 0.023185718
B96: 3610000 | C96: Antoneuca | D96: 100 | E96: 99.270073 | F96: 91.605839 | G96: 7.6642336 | H96: - | I96: 0.72992701 | J96: - | K96: - | L96: - | M96: - | N96: -
B97: 3611000 | C97: Baroncea | D97: 100 | E97: 31.225681 | F97: 30.544747 | G97: 0.68093385 | H97: 37.256809 | I97: 31.225681 | J97: - | K97: - | L97: 0.29182879 | M97: - | N97: -
B98: 3612000 | C98: Chetrosu | D98: 100 | E98: 98.642267 | F98: 81.493506 | G98: 17.14876 | H98: 0.088547816 | I98: 0.47225502 | J98: - | K98: - | L98: 0.70838253 | M98: - | N98: 0.088547816
